Timestamp_ms,AccX_Filt,AccY_Filt,AccZ_Filt,GyrX_Filt,GyrY_Filt,GyrZ_Filt,MagX_Filt,MagY_Filt,MagZ_Filt
5233,-0.1157,-0.0318,9.6870,0.0508,0.9234,0.3205,0.0000,-61.8300,-34.1550
5240,-0.0707,-0.0271,9.7630,-0.2840,0.1951,-0.0745,0.0000,-64.4504,-35.6025
5248,-0.0523,0.0229,9.7499,-0.5589,-0.1099,0.3226,-0.6259,-64.7298,-36.5258
5256,-0.0789,0.0297,9.7506,-0.4362,-0.3088,0.6291,-0.7246,-65.1503,-36.5776
5264,-0.0373,0.0319,9.7633,-0.4487,-0.3053,1.0109,-0.5768,-65.4238,-36.5360
5272,-0.0517,0.0281,9.7605,-0.3743,0.1313,1.0802,-0.5252,-65.3776,-36.5706
5280,-0.0514,0.0353,9.7770,-0.4191,-0.0110,1.0406,-0.4867,-65.2534,-36.5439
5288,-0.0414,0.0436,9.7986,-0.5396,-0.1655,0.9083,-0.4196,-65.1180,-36.5348
5296,-0.0264,0.0354,9.7847,-0.5065,-0.1872,0.7483,-0.4156,-65.0085,-36.3399
5304,-0.0184,0.0323,9.7837,-0.2931,-0.3333,0.6132,-0.4859,-64.7100,-36.2971
5312,-0.0142,0.0286,9.7897,-0.4847,-0.3115,0.4724,-0.4885,-64.4633,-36.2842
5320,-0.0199,0.0260,9.7932,-0.3704,-0.1997,0.3984,-0.4900,-64.2066,-36.2444
5328,-0.0216,0.0142,9.7813,-0.2886,-0.0634,0.4691,-0.4563,-63.8966,-36.0582
5336,-0.0123,0.0103,9.7860,-0.2034,-0.1543,0.4041,-0.4267,-63.5879,-35.8741
5344,-0.0112,0.0149,9.7875,-0.2209,0.0009,0.4301,-0.3707,-63.3699,-35.7713
5352,-0.0166,0.0080,9.7943,-0.1270,0.0149,0.5318,-0.3213,-63.1423,-35.6604
5360,-0.0171,0.0171,9.8018,-0.1483,0.0819,0.5593,-0.2772,-62.9070,-35.5430
5368,-0.0233,0.0160,9.7964,-0.1029,-0.0838,0.6162,-0.2459,-62.5910,-35.3705
5376,-0.0169,0.0131,9.7968,-0.1513,0.0001,0.6168,-0.2175,-62.2781,-35.1989
5384,-0.0154,0.0073,9.8039,-0.1125,-0.0592,0.6776,-0.2140,-61.9754,-34.9464
5392,-0.0014,0.0039,9.8064,-0.1283,-0.0366,0.6491,-0.2105,-61.6748,-34.7027
5400,-0.0028,0.0013,9.8049,-0.0823,0.1120,0.5447,-0.2070,-61.3761,-34.6028
5408,0.0015,-0.0047,9.8035,0.0292,0.0509,0.5806,-0.2166,-61.0793,-34.4331
5416,-0.0077,-0.0028,9.7963,-0.0136,-0.1003,0.6171,-0.2687,-60.8095,-34.2709
5424,-0.0094,-0.0116,9.7921,-0.0532,-0.2501,0.7670,-0.2686,-60.4797,-34.1395
5432,-0.0138,-0.0103,9.7934,-0.0705,-0.2230,0.5966,-0.2682,-60.1546,-34.0065
5440,-0.0108,-0.0055,9.7987,-0.0353,-0.1177,0.6078,-0.2731,-59.8118,-33.8668
5448,-0.0049,-0.0067,9.7989,-0.0623,-0.0857,0.6309,-0.3042,-59.5442,-33.6837
5456,-0.0023,-0.0013,9.8023,-0.0006,-0.1304,0.6555,-0.2917,-59.2565,-33.5497
5464,0.0041,0.0040,9.8031,0.1246,-0.1569,0.5038,-0.2797,-58.9708,-33.4149
5472,-0.0060,-0.0027,9.7987,0.1058,-0.1363,0.4312,-0.2683,-58.6871,-33.2795
5480,-0.0152,-0.0087,9.7916,0.0612,-0.1259,0.3868,-0.2622,-58.3865,-33.1718
5488,-0.0281,-0.0077,9.7970,0.1705,-0.1340,0.4134,-0.2562,-58.0890,-33.0620
5496,-0.0261,-0.0050,9.8052,0.1853,-0.3092,0.4295,-0.2460,-57.8121,-32.9240
5504,-0.0105,0.0056,9.8134,0.1876,-0.3667,0.4419,-0.2362,-57.5370,-32.7859
5512,-0.0001,-0.0057,9.8172,0.1204,-0.2126,0.4449,-0.2268,-57.2637,-32.6478
5520,-0.0012,-0.0132,9.8061,0.1976,-0.1100,0.4592,-0.2055,-57.0084,-32.5261
5528,-0.0026,-0.0059,9.8065,0.2478,-0.0386,0.4928,-0.1971,-56.7461,-32.3800
5536,-0.0044,-0.0070,9.8050,0.1734,-0.0560,0.4763,-0.2159,-56.4967,-32.2345
5544,-0.0146,-0.0012,9.8041,0.0830,-0.0641,0.4635,-0.2337,-56.2481,-32.0896
5552,-0.0102,-0.0028,9.8097,0.1799,-0.0493,0.3474,-0.2101,-55.9709,-31.9344
5560,-0.0035,-0.0028,9.8066,0.1488,-0.0828,0.3323,-0.2234,-55.6925,-31.7661
5568,0.0048,-0.0038,9.8033,0.0691,-0.0227,0.3680,-0.2360,-55.4269,-31.5996
5576,0.0051,-0.0101,9.8081,0.0489,0.0206,0.4769,-0.2478,-55.1803,-31.4520
5584,0.0122,-0.0100,9.8001,0.0296,0.0286,0.4976,-0.2591,-54.9348,-31.3054
5592,0.0122,-0.0080,9.7970,0.0581,-0.0135,0.4896,-0.2501,-54.6674,-31.1564
5600,0.0104,-0.0116,9.8055,-0.0219,0.0262,0.3199,-0.2414,-54.4021,-31.0085
5608,0.0133,-0.0117,9.8042,-0.0104,0.0257,0.3858,-0.2266,-54.1639,-30.8931
5616,0.0051,-0.0055,9.7965,-0.0678,-0.0241,0.4705,-0.2124,-53.9267,-30.7774
5624,0.0103,-0.0071,9.7969,-0.0407,-0.0579,0.5130,-0.1987,-53.6905,-30.6615
5632,0.0087,-0.0095,9.8082,-0.0965,0.0052,0.4881,-0.1972,-53.4554,-30.5307
5640,0.0022,-0.0176,9.8030,-0.0491,0.0273,0.6194,-0.1958,-53.2212,-30.4004
5648,-0.0023,-0.0103,9.7991,0.0422,0.0810,0.5790,-0.2028,-52.9653,-30.2649
5656,-0.0050,-0.0051,9.7965,-0.0225,0.1132,0.6055,-0.2123,-52.7225,-30.1386
5664,-0.0015,-0.0113,9.8019,-0.0598,0.0952,0.6552,-0.2214,-52.4812,-30.0126
5672,0.0008,-0.0051,9.8077,-0.0360,0.2025,0.7350,-0.2355,-52.2494,-29.8736
5680,-0.0077,-0.0126,9.8025,-0.0456,0.2184,0.7464,-0.2225,-51.9870,-29.7276
5688,-0.0090,-0.0090,9.7996,-0.0656,0.3091,0.6683,-0.2177,-51.7450,-29.5984
5696,-0.0056,-0.0103,9.8038,-0.1090,0.3257,0.6530,-0.2079,-51.4969,-29.4954
5704,0.0012,-0.0169,9.8022,-0.0831,0.2931,0.5469,-0.1983,-51.2507,-29.3922
5712,0.0013,-0.0211,9.8089,-0.0449,0.2619,0.5047,-0.2038,-51.0162,-29.2665
5720,0.0147,-0.0121,9.8176,-0.1267,0.2617,0.4160,-0.2043,-50.7856,-29.1438
5728,0.0149,-0.0168,9.8174,-0.1296,0.2884,0.3716,-0.2095,-50.5539,-29.0191
5736,0.0152,-0.0182,9.8172,-0.1404,0.2897,0.4204,-0.2144,-50.3427,-28.8950
5744,0.0240,-0.0255,9.8202,-0.1883,0.2078,0.4939,-0.2192,-50.1322,-28.7761
5752,0.0325,-0.0165,9.8183,-0.0947,0.1241,0.4380,-0.2237,-49.9227,-28.6577
5760,0.0406,-0.0162,9.8130,-0.0909,0.1246,0.4356,-0.2326,-49.7003,-28.5239
5768,0.0247,-0.0004,9.8087,0.0198,0.0849,0.4280,-0.2412,-49.4792,-28.3909
5776,0.0263,-0.0016,9.8129,0.1042,0.1273,0.5037,-0.2495,-49.2594,-28.2589
5784,0.0418,-0.0054,9.8117,0.1233,0.2026,0.4341,-0.2401,-49.0496,-28.1256
5792,0.0322,-0.0002,9.8061,0.1495,0.2425,0.4131,-0.2373,-48.8557,-28.0061
5800,0.0244,-0.0000,9.8138,0.1907,0.1896,0.4626,-0.2135,-48.6539,-27.8787
5808,0.0183,0.0010,9.8235,0.1284,0.1979,0.3923,-0.2070,-48.4383,-27.7500
5816,0.0204,-0.0040,9.8204,0.1410,0.1578,0.3705,-0.2007,-48.2240,-27.6222
5824,0.0197,0.0061,9.8331,0.0863,0.1220,0.1545,-0.2006,-48.0047,-27.4871
5832,0.0199,0.0052,9.8310,0.0928,0.1333,0.2100,-0.1945,-47.7788,-27.3671
5840,0.0051,-0.0002,9.8377,0.1390,0.1574,0.1908,-0.2104,-47.5524,-27.2438
5848,0.0049,0.0041,9.8237,0.1165,0.1084,0.1992,-0.2141,-47.3433,-27.1291
5856,-0.0017,0.0089,9.8215,0.1644,0.1229,0.0978,-0.2177,-47.1354,-27.0149
5864,0.0015,0.0104,9.8273,0.1407,0.1609,0.1397,-0.2079,-46.9248,-26.9014
5872,0.0107,0.0109,9.8256,0.1822,0.1277,0.1209,-0.2115,-46.7192,-26.7921
5880,0.0022,0.0150,9.8228,0.2779,0.1147,0.1484,-0.2150,-46.5148,-26.6833
5888,-0.0023,0.0147,9.8244,0.2600,0.0809,0.1400,-0.2091,-46.3078,-26.5713
5896,0.0019,0.0157,9.8353,0.2188,-0.0128,0.2147,-0.2035,-46.1020,-26.4599
5904,0.0002,0.0239,9.8348,0.2221,0.0604,0.0993,-0.1979,-45.8975,-26.3490
5912,-0.0155,0.0231,9.8288,0.2867,0.0423,0.1091,-0.2014,-45.7209,-26.2387
5920,-0.0160,0.0115,9.8275,0.3057,0.0651,0.0810,-0.1889,-45.5360,-26.1112
5928,-0.0211,0.0069,9.8263,0.2839,0.1322,0.1743,-0.1959,-45.3345,-25.9935
5936,-0.0270,0.0091,9.8262,0.2764,0.1163,0.1354,-0.2027,-45.1341,-25.8765
5944,-0.0173,0.0179,9.8292,0.3119,0.1785,0.1356,-0.2060,-44.9571,-25.7603
5952,-0.0054,0.0123,9.8279,0.2631,0.1766,0.2478,-0.2109,-44.7656,-25.6464
5960,-0.0073,0.0213,9.8321,0.2432,0.1908,0.2937,-0.2040,-44.5784,-25.5333
5968,-0.0091,0.0326,9.8305,0.2508,0.1137,0.2923,-0.1972,-44.3921,-25.4208
5976,-0.0093,0.0374,9.8290,0.2687,0.1307,0.2136,-0.2003,-44.2002,-25.2959
5984,0.0014,0.0257,9.8286,0.2805,0.1469,0.1223,-0.1970,-44.0078,-25.1622
5992,0.0061,0.0084,9.8250,0.1878,0.1544,0.0403,-0.1904,-43.8132,-25.0569
6000,0.0044,0.0141,9.8255,0.1765,0.1429,0.0606,-0.1888,-43.6134,-24.9506
6008,-0.0007,0.0120,9.8263,0.2003,0.1345,0.0774,-0.1872,-43.4148,-24.8450
6016,-0.0104,0.0087,9.8211,0.2365,0.0412,0.0774,-0.1856,-43.2175,-24.7399
6024,-0.0137,0.0035,9.8197,0.2310,0.0907,0.0348,-0.1887,-43.0214,-24.6354
6032,-0.0221,0.0051,9.8192,0.3352,0.0393,0.0367,-0.1917,-42.8266,-24.5315
6040,-0.0211,0.0029,9.8179,0.2854,0.0702,0.0839,-0.1856,-42.6496,-24.4251
6048,-0.0152,0.0082,9.8181,0.3285,0.0517,0.1023,-0.1796,-42.4736,-24.3193
6056,-0.0098,0.0044,9.8228,0.3537,0.1087,0.0345,-0.1736,-42.2984,-24.2142
6064,-0.0082,0.0141,9.8289,0.3805,0.1259,0.0205,-0.1797,-42.1152,-24.1127
6072,-0.0057,0.0166,9.8367,0.3901,0.1556,0.0336,-0.1856,-41.9258,-24.0146
6080,-0.0004,0.0088,9.8410,0.4072,0.1441,-0.0204,-0.1841,-41.7404,-23.9142
6088,0.0041,0.0081,9.8486,0.4237,0.1490,0.0666,-0.1826,-41.5561,-23.8143
6096,0.0058,0.0042,9.8609,0.3167,0.0657,0.0084,-0.1869,-41.3857,-23.7020
6104,0.0123,0.0012,9.8502,0.2784,0.0581,-0.0285,-0.1869,-41.2063,-23.5977
6112,0.0101,-0.0056,9.8496,0.2925,0.0748,-0.0399,-0.1868,-41.0377,-23.4940
6120,0.0066,-0.0154,9.8376,0.2739,0.1041,-0.0987,-0.1854,-40.8504,-23.3923
6128,0.0104,-0.0174,9.8382,0.2668,0.1108,-0.1363,-0.1840,-40.6644,-23.2912
6136,0.0074,-0.0156,9.8333,0.2867,0.1466,-0.0416,-0.1785,-40.5055,-23.1921
6144,0.0052,-0.0085,9.8279,0.2577,0.2181,-0.0417,-0.1730,-40.3474,-23.0935
6152,0.0063,0.0020,9.8267,0.2887,0.1905,-0.0231,-0.1718,-40.1751,-22.9982
6160,0.0124,0.0033,9.8306,0.3156,0.2361,-0.0214,-0.1705,-40.0037,-22.9035
6168,0.0005,-0.0019,9.8214,0.3441,0.2423,-0.0623,-0.1693,-39.8334,-22.8092
6176,-0.0115,0.0034,9.8208,0.2993,0.2057,-0.0962,-0.1641,-39.6692,-22.7167
6184,-0.0033,0.0010,9.8180,0.2991,0.1866,-0.0646,-0.1590,-39.5058,-22.6248
6192,-0.0064,-0.0040,9.8077,0.2856,0.0617,0.0030,-0.1501,-39.3447,-22.5255
6200,-0.0105,0.0070,9.8147,0.2886,0.1182,0.0383,-0.1413,-39.1843,-22.4269
6208,-0.0165,0.0165,9.8034,0.2809,0.1110,0.0534,-0.1403,-39.0183,-22.3288
6216,-0.0083,0.0182,9.7918,0.2175,0.0054,0.0598,-0.1368,-38.8469,-22.2402
6224,-0.0127,0.0162,9.7958,0.2209,0.0031,0.0979,-0.1372,-38.6816,-22.1445
6232,-0.0149,0.0143,9.7954,0.2455,-0.0258,0.0651,-0.1413,-38.5109,-22.0493
6240,-0.0127,0.0049,9.8032,0.3036,-0.0294,0.1590,-0.1453,-38.3412,-21.9547
6248,-0.0117,0.0109,9.7965,0.1993,-0.0436,0.2941,-0.1456,-38.1812,-21.8607
6256,-0.0053,0.0123,9.7901,0.2061,-0.1397,0.2500,-0.1483,-38.0109,-21.7623
6264,-0.0050,0.0245,9.7902,0.1220,-0.1890,0.1945,-0.1448,-37.8417,-21.6767
6272,0.0008,0.0155,9.7990,0.1776,-0.2709,0.1414,-0.1415,-37.6735,-21.5915
6280,0.0028,0.0191,9.7923,0.1187,-0.2878,0.1040,-0.1381,-37.5063,-21.5067
6288,-0.0008,0.0134,9.7876,0.0971,-0.3439,0.1002,-0.1325,-37.3520,-21.4200
6296,0.0086,0.0027,9.7811,0.0791,-0.3496,-0.0501,-0.1269,-37.1985,-21.3337
6304,0.0154,0.0003,9.7775,0.0618,-0.4404,0.0248,-0.1238,-37.0528,-21.2361
6312,-0.0017,0.0027,9.7847,0.1147,-0.4872,0.0512,-0.1206,-36.9079,-21.1391
6320,-0.0104,0.0030,9.7881,0.0746,-0.4520,0.1377,-0.1176,-36.7636,-21.0428
6328,-0.0160,0.0015,9.7893,0.0869,-0.4450,0.0924,-0.1146,-36.6200,-20.9493
6336,-0.0151,0.0110,9.8077,0.0746,-0.4063,0.1184,-0.1127,-36.4726,-20.8667
6344,-0.0102,-0.0008,9.8129,0.0549,-0.4226,0.1113,-0.1086,-36.3224,-20.7812
6352,-0.0048,-0.0015,9.8223,0.0148,-0.4195,0.2299,-0.1046,-36.1731,-20.6960
6360,0.0032,-0.0035,9.8138,-0.0183,-0.4326,0.2606,-0.1006,-36.0222,-20.6058
6368,-0.0023,-0.0062,9.8153,-0.0259,-0.3811,0.1993,-0.1000,-35.8700,-20.5239
6376,-0.0141,0.0086,9.8240,-0.0279,-0.4305,0.1033,-0.1006,-35.7341,-20.4324
6384,-0.0038,0.0116,9.8208,0.0609,-0.3151,0.0542,-0.1000,-35.5834,-20.3513
6392,0.0023,0.0056,9.8262,-0.0196,-0.3327,-0.0034,-0.0994,-35.4335,-20.2707
6400,0.0051,-0.0057,9.8320,0.0342,-0.4029,-0.0185,-0.1032,-35.2866,-20.2026
6408,-0.0015,-0.0046,9.8322,0.0909,-0.3287,0.0604,-0.1070,-35.1404,-20.1346
6416,0.0016,-0.0013,9.8401,0.1745,-0.2951,0.0638,-0.1053,-34.9897,-20.0508
6424,0.0063,0.0008,9.8350,0.1691,-0.3029,0.0511,-0.1036,-34.8398,-19.9674
6432,0.0023,0.0059,9.8336,0.1293,-0.3184,-0.1130,-0.1020,-34.6907,-19.8845
6440,0.0069,-0.0027,9.8387,0.0672,-0.2906,-0.0807,-0.1003,-34.5446,-19.8073
6448,0.0016,-0.0060,9.8350,-0.0162,-0.2266,-0.0230,-0.0987,-34.3992,-19.7305
6456,0.0122,-0.0030,9.8286,0.0588,-0.1601,-0.1093,-0.0982,-34.2641,-19.6499
6464,0.0085,-0.0076,9.8164,-0.0029,-0.1072,-0.2237,-0.0945,-34.1255,-19.5686
6472,0.0057,-0.0049,9.8090,0.0101,-0.1926,-0.1999,-0.0909,-33.9875,-19.4879
6480,0.0159,0.0030,9.8136,0.0412,-0.2182,-0.0624,-0.0873,-33.8483,-19.4024
6488,0.0179,0.0042,9.8147,-0.0357,-0.1601,-0.0642,-0.0971,-33.7128,-19.3184
6496,0.0192,0.0103,9.8248,-0.0345,-0.1259,-0.0633,-0.1017,-33.5841,-19.2471
6504,0.0158,-0.0015,9.8220,-0.0868,0.0136,-0.0332,-0.1062,-33.4560,-19.1762
6512,0.0096,-0.0103,9.8346,-0.1048,-0.0318,-0.0230,-0.1016,-33.3225,-19.1056
6520,0.0062,-0.0055,9.8336,-0.1113,0.0422,-0.1199,-0.1020,-33.1866,-19.0323
6528,0.0041,-0.0008,9.8328,-0.0908,0.0409,-0.0952,-0.1055,-33.0564,-18.9544
6536,-0.0010,0.0095,9.8252,-0.0393,0.0664,-0.0423,-0.1089,-32.9269,-18.8769
6544,-0.0020,0.0019,9.8033,-0.1287,0.0348,0.1096,-0.1122,-32.7980,-18.7998
6552,-0.0070,0.0004,9.8153,-0.1128,0.0258,0.0709,-0.1126,-32.6746,-18.7182
6560,-0.0088,-0.0045,9.8157,-0.1190,-0.0867,0.0713,-0.1130,-32.5518,-18.6370
6568,-0.0050,-0.0071,9.8389,-0.1062,-0.1543,0.0156,-0.1124,-32.4286,-18.5622
6576,-0.0056,-0.0199,9.8330,-0.0860,-0.1630,-0.0670,-0.1117,-32.3060,-18.4877
6584,-0.0052,0.0039,9.8336,-0.0240,-0.1873,-0.0420,-0.1111,-32.1839,-18.4137
6592,-0.0095,-0.0036,9.8268,-0.0341,-0.1732,0.0086,-0.1105,-32.0624,-18.3515
6600,-0.0037,-0.0077,9.8271,-0.1050,-0.1357,0.0063,-0.1080,-31.9358,-18.2762
6608,0.0033,-0.0123,9.8364,-0.0902,-0.1452,0.0148,-0.1075,-31.8097,-18.2080
6616,0.0064,-0.0078,9.8239,-0.0547,-0.0742,-0.0118,-0.1041,-31.6834,-18.1439
6624,0.0220,0.0045,9.8240,-0.0847,-0.0811,-0.0479,-0.1007,-31.5577,-18.0800
6632,0.0106,-0.0081,9.8350,-0.1108,-0.0849,-0.0584,-0.1058,-31.4354,-18.0071
6640,0.0095,-0.0095,9.8326,-0.0370,-0.1046,-0.0444,-0.1062,-31.3016,-17.9364
6648,0.0138,0.0098,9.8150,0.0015,-0.1075,-0.0150,-0.1010,-31.1824,-17.8818
6656,0.0187,0.0527,9.7877,-0.6790,-0.0968,0.0290,-0.1060,-31.0666,-17.8163
6664,0.0104,0.0041,9.8135,-1.2044,-0.0574,0.1992,-0.1109,-30.9513,-17.7511
6672,0.0160,-0.0162,9.8182,-0.9948,-0.0676,0.2206,-0.1159,-30.8365,-17.6862
6680,0.0066,0.0105,9.8097,-0.9758,-0.1707,0.2810,-0.1134,-30.7259,-17.6142
6688,-0.0006,-0.0090,9.8052,-1.1042,-0.0507,0.1201,-0.1110,-30.6157,-17.5426
6696,-0.0025,-0.0294,9.8094,-1.0003,-0.0399,0.0730,-0.1086,-30.5061,-17.4714
6704,-0.0016,-0.0247,9.8054,-0.9490,-0.0669,0.0545,-0.1171,-30.3852,-17.4005
6712,0.0080,-0.0308,9.7985,-0.7960,-0.0767,0.0956,-0.1254,-30.2650,-17.3300
6720,0.0043,-0.0264,9.7919,-0.7003,-0.0248,0.0281,-0.1301,-30.1462,-17.2580
6728,0.0124,-0.0301,9.7959,-0.7741,-0.0391,0.0250,-0.1294,-30.0387,-17.1882
6736,0.0101,-0.0371,9.7927,-0.8660,0.0379,0.1100,-0.1288,-29.9316,-17.1187
6744,0.0117,-0.0494,9.7994,-0.7992,0.0981,0.1673,-0.1351,-29.8206,-17.0514
6752,0.0122,-0.0596,9.8032,-0.6980,0.1078,0.2274,-0.1397,-29.7083,-16.9790
6760,0.0104,-0.0552,9.8121,-0.4866,0.1250,0.1542,-0.1416,-29.5957,-16.9211
6768,0.0102,-0.0502,9.8101,-0.2338,0.0801,0.2042,-0.1478,-29.4863,-16.8529
6776,0.0058,-0.0253,9.7969,-0.2373,0.0345,0.1800,-0.1540,-29.3773,-16.7851
6784,-0.0008,-0.0082,9.8059,-0.4620,0.0629,0.2689,-0.1480,-29.2619,-16.7219
6792,-0.0132,-0.0341,9.8077,-0.5889,0.1008,0.2952,-0.1507,-29.1480,-16.6573
6800,-0.0226,-0.0353,9.8048,-0.3423,0.0516,0.3524,-0.1533,-29.0346,-16.5929
6808,-0.0097,-0.0154,9.7825,-0.3437,0.0286,0.2791,-0.1559,-28.9201,-16.5246
6816,0.0038,-0.0307,9.8047,-0.4971,0.0599,0.2409,-0.1585,-28.8061,-16.4567
6824,0.0083,-0.0344,9.7993,-0.4012,0.0126,0.1112,-0.1611,-28.6926,-16.3891
6832,0.0046,-0.0083,9.7926,-0.4747,-0.0887,0.2137,-0.1695,-28.5814,-16.3260
6840,-0.0011,-0.0101,9.7948,-0.7264,-0.0576,0.1278,-0.1779,-28.4708,-16.2633
6848,0.0025,-0.0226,9.8026,-0.8684,-0.0172,0.1736,-0.1736,-28.3640,-16.2024
6856,-0.0102,-0.0135,9.7929,-0.9348,0.0109,0.1001,-0.1693,-28.2577,-16.1419
6864,-0.0158,-0.0162,9.7914,-1.0597,0.0430,0.0618,-0.1668,-28.1585,-16.0709
6872,-0.0090,0.0105,9.7708,-1.4378,-0.0143,-0.1961,-0.1659,-28.0532,-16.0084
6880,-0.0179,0.0006,9.8042,-2.0047,0.0349,-0.2828,-0.1716,-27.9401,-15.9488
6888,-0.0164,-0.0016,9.8102,-2.2428,-0.0647,-0.2057,-0.1740,-27.8365,-15.8861
6896,-0.0223,-0.0177,9.8184,-2.4385,-0.0453,-0.3079,-0.1764,-27.7335,-15.8238
6904,-0.0313,-0.0305,9.8213,-2.5616,0.0133,-0.2830,-0.1803,-27.6269,-15.7698
6912,-0.0216,-0.0402,9.8312,-2.7060,0.0026,-0.3339,-0.1826,-27.5166,-15.7121
6920,-0.0143,-0.0522,9.8247,-2.8681,-0.0583,-0.2146,-0.1784,-27.4078,-15.6497
6928,-0.0181,-0.0626,9.8297,-3.0577,0.0302,-0.1858,-0.1742,-27.2995,-15.5876
6936,-0.0166,-0.0683,9.8224,-3.1298,-0.0345,-0.1956,-0.1701,-27.1917,-15.5259
6944,-0.0197,-0.0881,9.8107,-3.0600,-0.0751,-0.2502,-0.1700,-27.0820,-15.4692
6952,-0.0176,-0.0983,9.8139,-3.0600,-0.1566,-0.2439,-0.1699,-26.9728,-15.4127
6960,-0.0166,-0.0906,9.8186,-2.9879,-0.1811,-0.3365,-0.1674,-26.8666,-15.3629
6968,-0.0101,-0.1046,9.8228,-2.8763,-0.0366,-0.3103,-0.1649,-26.7609,-15.3133
6976,0.0061,-0.1118,9.8302,-2.8390,-0.0398,-0.3387,-0.1625,-26.6556,-15.2639
6984,-0.0119,-0.1270,9.8270,-2.6593,0.0186,-0.3231,-0.1624,-26.5564,-15.2083
6992,-0.0023,-0.1148,9.8418,-2.5301,-0.0003,-0.4389,-0.1623,-26.4514,-15.1608
7000,0.0118,-0.1069,9.8598,-2.3932,-0.0744,-0.3123,-0.1661,-26.3508,-15.1112
7008,0.0073,-0.1062,9.8387,-2.3183,-0.0226,-0.2765,-0.1699,-26.2506,-15.0618
7016,0.0110,-0.1124,9.8405,-2.1880,-0.0103,-0.3437,-0.1760,-26.1548,-15.0032
7024,0.0075,-0.1157,9.8472,-2.1728,-0.0813,-0.3119,-0.1750,-26.0509,-14.9496
7032,-0.0016,-0.1164,9.8428,-2.0648,-0.0398,-0.3082,-0.1726,-25.9553,-14.8923
7040,-0.0021,-0.1115,9.8424,-2.0363,0.0025,-0.3153,-0.1662,-25.8646,-14.8422
7048,-0.0025,-0.1104,9.8380,-2.0250,0.0963,-0.3967,-0.1600,-25.7744,-14.7923
7056,-0.0079,-0.1293,9.8408,-2.0276,0.1434,-0.3200,-0.1652,-25.6823,-14.7342
7064,-0.0078,-0.1347,9.8338,-2.0033,0.0604,-0.2519,-0.1704,-25.5905,-14.6764
7072,-0.0009,-0.1276,9.8229,-1.9081,0.1036,-0.2161,-0.1771,-25.4893,-14.6241
7080,0.0018,-0.1286,9.8176,-1.9745,0.1237,-0.1206,-0.1838,-25.3885,-14.5721
7088,0.0037,-0.1417,9.8065,-1.9605,0.1722,-0.0479,-0.1903,-25.2883,-14.5203
7096,-0.0041,-0.1486,9.8059,-1.9099,0.0826,-0.1064,-0.1961,-25.1930,-14.4733
7104,-0.0053,-0.1539,9.8036,-1.8855,0.1409,-0.0397,-0.2018,-25.0982,-14.4264
7112,-0.0013,-0.1482,9.7974,-1.8701,0.3220,-0.0558,-0.2052,-25.0097,-14.3707
7120,-0.0027,-0.1559,9.8005,-1.7834,0.3058,0.0994,-0.2086,-24.9217,-14.3153
7128,-0.0081,-0.1605,9.8087,-1.6632,0.2637,-0.0376,-0.2067,-24.8355,-14.2676
7136,-0.0057,-0.1578,9.7965,-1.5669,0.2714,-0.0085,-0.2019,-24.7423,-14.2215
7144,-0.0017,-0.1518,9.7960,-1.4855,0.3348,-0.0020,-0.2075,-24.6495,-14.1742
7152,-0.0090,-0.1482,9.7942,-1.4076,0.3074,-0.0465,-0.2086,-24.5542,-14.1204
7160,-0.0156,-0.1408,9.7957,-1.4105,0.3399,-0.0544,-0.2097,-24.4593,-14.0668
7168,-0.0093,-0.1341,9.7962,-1.3786,0.3469,-0.1446,-0.2123,-24.3685,-14.0187
7176,-0.0113,-0.1317,9.7862,-1.3454,0.2204,-0.0655,-0.2104,-24.2847,-13.9721
7184,-0.0072,-0.1358,9.7980,-1.3777,0.1873,-0.0726,-0.2166,-24.1947,-13.9302
7192,-0.0108,-0.1542,9.7996,-1.3178,0.1557,0.0327,-0.2227,-24.1051,-13.8884
7200,-0.0164,-0.1558,9.8048,-1.1966,0.1708,-0.1067,-0.2288,-24.0158,-13.8467
7208,-0.0122,-0.1531,9.8226,-1.1448,0.1533,-0.1279,-0.2348,-23.9234,-13.7980
7216,-0.0131,-0.1553,9.8146,-1.1378,0.2592,-0.2442,-0.2408,-23.8314,-13.7495
7224,-0.0043,-0.1563,9.8146,-1.0431,0.2431,-0.3021,-0.2381,-23.7398,-13.7062
7232,-0.0036,-0.1582,9.8037,-0.9953,0.2490,-0.2748,-0.2354,-23.6486,-13.6631
7240,-0.0075,-0.1585,9.8044,-0.9175,0.2521,-0.1074,-0.2328,-23.5579,-13.6201
7248,-0.0070,-0.1519,9.8209,-0.8725,0.3723,-0.0886,-0.2323,-23.4775,-13.5681
7256,-0.0070,-0.1619,9.8222,-0.7334,0.3646,-0.1400,-0.2296,-23.3911,-13.5191
7264,-0.0078,-0.1705,9.8224,-0.7631,0.3092,-0.1251,-0.2291,-23.3043,-13.4675
7272,-0.0237,-0.1665,9.8217,-0.6769,0.2270,-0.0976,-0.2286,-23.2180,-13.4161
7280,-0.0280,-0.1792,9.8142,-0.6850,0.1296,-0.1885,-0.2275,-23.1327,-13.3678
7288,-0.0301,-0.1843,9.8148,-0.6075,0.0952,-0.2195,-0.2333,-23.0499,-13.3246
7296,-0.0419,-0.1835,9.8189,-0.5654,0.0196,-0.1959,-0.2314,-22.9667,-13.2844
7304,-0.0431,-0.1892,9.8108,-0.5811,-0.0020,-0.0292,-0.2281,-22.8853,-13.2408
7312,-0.0483,-0.1865,9.7985,-0.5348,-0.0786,-0.0165,-0.2248,-22.8043,-13.1974
7320,-0.0580,-0.1951,9.7959,-0.5092,-0.1013,-0.0070,-0.2236,-22.7208,-13.1563
7328,-0.0527,-0.1932,9.7987,-0.4153,-0.0749,0.0607,-0.2252,-22.6405,-13.1112
7336,-0.0401,-0.1806,9.7939,-0.4269,-0.0231,0.1041,-0.2275,-22.5577,-13.0669
7344,-0.0347,-0.1893,9.7863,-0.4407,0.0239,0.1510,-0.2298,-22.4753,-13.0229
7352,-0.0274,-0.1921,9.7781,-0.5019,0.0074,0.1451,-0.2321,-22.3933,-12.9790
7360,-0.0277,-0.1896,9.7825,-0.5017,0.0157,0.1022,-0.2302,-22.3164,-12.9366
7368,-0.0103,-0.1924,9.7970,-0.4855,-0.0458,0.0798,-0.2283,-22.2398,-12.8944
7376,-0.0145,-0.1908,9.8033,-0.4407,-0.0698,0.1304,-0.2257,-22.1540,-12.8511
7384,-0.0078,-0.1885,9.8099,-0.3979,-0.0849,0.0295,-0.2218,-22.0733,-12.8079
7392,-0.0091,-0.1918,9.8067,-0.3596,-0.0566,0.1196,-0.2179,-21.9930,-12.7649
7400,-0.0207,-0.1885,9.8066,-0.3709,-0.0135,0.0458,-0.2277,-21.9090,-12.7234
7408,-0.0180,-0.1909,9.8033,-0.4218,-0.0923,0.0179,-0.2285,-21.8260,-12.6793
7416,-0.0242,-0.1840,9.8131,-0.3425,-0.0557,-0.0462,-0.2273,-21.7467,-12.6402
7424,-0.0335,-0.1764,9.8128,-0.2933,-0.1593,-0.0887,-0.2321,-21.6678,-12.6013
7432,-0.0377,-0.1649,9.8094,-0.3182,-0.1625,-0.0414,-0.2369,-21.5886,-12.5517
7440,-0.0430,-0.1641,9.7986,-0.2994,-0.1841,-0.1135,-0.2363,-21.5083,-12.5110
7448,-0.0386,-0.1693,9.8047,-0.2227,-0.2261,-0.0971,-0.2349,-21.4271,-12.4712
7456,-0.0365,-0.1695,9.8130,-0.2828,-0.2876,-0.1081,-0.2336,-21.3462,-12.4316
7464,-0.0268,-0.1833,9.8227,-0.3322,-0.3385,-0.0653,-0.2323,-21.2657,-12.3921
7472,-0.0222,-0.1794,9.8070,-0.3421,-0.2244,-0.2457,-0.2369,-21.1848,-12.3421
7480,-0.0102,-0.1790,9.8105,-0.2795,-0.1687,-0.2049,-0.2415,-21.1043,-12.2923
7488,0.0033,-0.1865,9.8127,-0.2224,-0.1714,-0.2912,-0.2461,-21.0275,-12.2460
7496,0.0033,-0.1987,9.8207,-0.1571,-0.1953,-0.3524,-0.2506,-20.9510,-12.2000
7504,0.0174,-0.1992,9.8243,-0.2094,-0.1275,-0.2909,-0.2550,-20.8748,-12.1542
7512,0.0005,-0.2047,9.8293,-0.1846,-0.1614,-0.2801,-0.2568,-20.8036,-12.1158
7520,0.0026,-0.2029,9.8321,-0.1663,-0.2257,-0.2671,-0.2586,-20.7327,-12.0775
7528,-0.0011,-0.1907,9.8309,-0.1328,-0.1379,-0.3160,-0.2609,-20.6541,-12.0368
7536,-0.0162,-0.1843,9.8335,-0.1141,-0.0753,-0.4001,-0.2561,-20.5825,-11.9950
7544,-0.0185,-0.1744,9.8295,-0.1496,-0.1408,-0.4351,-0.2512,-20.5111,-11.9533
7552,-0.0397,-0.1777,9.8208,-0.1408,-0.2460,-0.4100,-0.2523,-20.4355,-11.9117
7560,-0.0538,-0.1761,9.8294,-0.1271,-0.2240,-0.3673,-0.2540,-20.3622,-11.8743
7568,-0.0530,-0.1866,9.8248,-0.0873,-0.2456,-0.4305,-0.2576,-20.2930,-11.8370
7576,-0.0545,-0.1846,9.8307,-0.0599,-0.1543,-0.4456,-0.2566,-20.2164,-11.7973
7584,-0.0531,-0.1760,9.8343,-0.1057,-0.1123,-0.4067,-0.2556,-20.1401,-11.7577
7592,-0.0524,-0.1765,9.8279,-0.0802,-0.0855,-0.5135,-0.2578,-20.0693,-11.7202
7600,-0.0644,-0.1750,9.8385,0.0162,-0.0785,-0.4636,-0.2581,-19.9962,-11.6848
7608,-0.2707,-0.1496,9.8308,-0.0836,-0.0984,-0.4453,-0.2584,-19.9234,-11.6495
7616,-0.1910,-0.1484,9.8134,-0.1684,-0.0802,-0.5637,-0.2625,-19.8534,-11.6105
7624,-0.1383,-0.1556,9.8063,-0.1614,0.0545,-0.7276,-0.2665,-19.7838,-11.5717
7632,-0.1873,-0.1420,9.8144,-0.1655,0.1381,-0.8657,-0.2705,-19.7145,-11.5330
7640,-0.2102,-0.1534,9.7921,-0.1693,0.0873,-1.1284,-0.2739,-19.6409,-11.4983
7648,-0.1767,-0.1637,9.7647,-0.1704,-0.0066,-1.3157,-0.2772,-19.5677,-11.4637
7656,-0.2430,-0.1549,9.7750,-0.2567,-0.0031,-1.5560,-0.2805,-19.4948,-11.4293
7664,-0.2802,-0.1692,9.7783,-0.2219,0.0137,-1.5566,-0.2805,-19.4222,-11.3950
7672,-0.3166,-0.1502,9.7759,-0.1700,0.1016,-1.6637,-0.2819,-19.3600,-11.3595
7680,-0.3791,-0.1289,9.7673,-0.2643,0.1511,-1.7076,-0.2857,-19.2924,-11.3236
7688,-0.3737,-0.1407,9.7614,-0.2798,0.0864,-1.7815,-0.2845,-19.2264,-11.2815
7696,-0.3625,-0.1477,9.7770,-0.3374,0.1259,-1.9055,-0.2832,-19.1606,-11.2395
7704,-0.3924,-0.1462,9.7578,-0.2777,0.1023,-2.0134,-0.2876,-19.0944,-11.2003
7712,-0.3908,-0.1591,9.7615,-0.2233,0.0904,-2.0686,-0.2907,-19.0254,-11.1668
7720,-0.4135,-0.1716,9.7693,-0.2460,0.0071,-2.0387,-0.2906,-18.9547,-11.1304
7728,-0.4354,-0.1487,9.7791,-0.2117,0.1593,-2.0901,-0.2918,-18.8894,-11.1047
7736,-0.4155,-0.1914,9.7944,-0.2589,0.0730,-2.0939,-0.2930,-18.8243,-11.0791
7744,-0.4327,-0.2222,9.8009,-0.3146,0.1397,-2.0443,-0.2941,-18.7595,-11.0535
7752,-0.4136,-0.2142,9.8196,-0.3813,0.1768,-1.8315,-0.2946,-18.6925,-11.0125
7760,-0.4086,-0.2192,9.8123,-0.3144,0.1990,-1.5293,-0.2951,-18.6257,-10.9715
7768,-0.3981,-0.2360,9.8244,-0.2531,0.1056,-1.2377,-0.2950,-18.5598,-10.9376
7776,-0.4178,-0.2275,9.8422,-0.2558,0.0375,-0.8895,-0.2948,-18.4942,-10.9038
7784,-0.4229,-0.2267,9.8264,-0.1810,0.0498,-0.6098,-0.2947,-18.4289,-10.8701
7792,-0.3924,-0.2569,9.8253,-0.1816,-0.0531,-0.2597,-0.2927,-18.3706,-10.8334
7800,-0.3339,-0.2442,9.8408,-0.2727,-0.2155,-0.1170,-0.2876,-18.3052,-10.8005
7808,-0.3209,-0.2431,9.8456,-0.2612,-0.2828,0.2009,-0.2874,-18.2375,-10.7672
7816,-0.3261,-0.1830,9.8400,-0.2289,-0.3152,0.3689,-0.2872,-18.1702,-10.7339
7824,-0.3263,-0.1668,9.8604,-0.3127,-0.3542,0.4042,-0.2981,-18.1055,-10.7014
7832,-0.3482,-0.1658,9.8665,-0.2701,-0.2954,0.4459,-0.2996,-18.0369,-10.6678
7840,-0.3522,-0.1686,9.8617,-0.1947,-0.3673,0.7071,-0.3012,-17.9697,-10.6373
7848,-0.3507,-0.1656,9.8495,-0.2133,-0.4146,0.8796,-0.3015,-17.9028,-10.6069
7856,-0.3321,-0.1625,9.8581,-0.2071,-0.4839,0.8899,-0.3017,-17.8381,-10.5766
7864,-0.3404,-0.1387,9.8644,-0.1771,-0.2382,1.1024,-0.3025,-17.7742,-10.5422
7872,-0.3492,-0.1345,9.8707,-0.1938,-0.0805,1.0523,-0.3034,-17.7105,-10.5078
7880,-0.3225,-0.1284,9.8759,-0.1271,-0.0204,0.9724,-0.3066,-17.6447,-10.4748
7888,-0.3448,-0.0955,9.8737,-0.0100,0.2318,1.0346,-0.3097,-17.5791,-10.4419
7896,-0.3049,-0.0972,9.8791,0.0940,0.2782,1.0621,-0.3129,-17.5139,-10.4092
7904,-0.2920,-0.0933,9.8666,0.0868,0.1813,0.9817,-0.3123,-17.4452,-10.3831
7912,-0.2726,-0.0802,9.8594,0.1546,0.0593,0.8169,-0.3118,-17.3769,-10.3572
7920,-0.2742,-0.0346,9.8611,0.2700,0.1293,0.8459,-0.3184,-17.3089,-10.3253
7928,-0.2173,0.0025,9.8499,0.2791,0.0202,0.6870,-0.3250,-17.2411,-10.2935
7936,-0.2574,0.0794,9.8184,0.3332,0.0919,0.5617,-0.3249,-17.1772,-10.2654
7944,-0.2431,0.0496,9.8226,0.4142,0.0805,0.4579,-0.3356,-17.1130,-10.2320
7952,-0.2042,-0.0187,9.8164,0.3823,0.2802,0.5933,-0.3397,-17.0514,-10.2000
7960,-0.0962,0.0219,9.8623,0.4718,0.2845,-0.3546,-0.3454,-16.9901,-10.1680
7968,-0.1214,-0.0329,9.8729,0.4347,0.2914,-1.2503,-0.3511,-16.9290,-10.1361
7976,-0.2735,-0.2901,9.8824,0.3886,0.3005,-0.9895,-0.3574,-16.8688,-10.1062
7984,-0.1247,-0.1750,9.8760,0.3738,0.2373,-0.4842,-0.3624,-16.8070,-10.0751
7992,-0.2524,-0.3140,9.9007,0.4104,0.1342,-0.5769,-0.3698,-16.7443,-10.0442
8000,-0.2901,-0.2894,9.8894,0.2613,0.2222,-0.2603,-0.3770,-16.6819,-10.0133
8008,-0.1934,-0.2463,9.8463,0.1881,0.2211,0.3545,-0.3842,-16.6197,-9.9826
8016,-0.1447,-0.1680,9.8625,0.1288,0.3374,0.2384,-0.3879,-16.5506,-9.9543
8024,-0.1288,-0.1442,9.8575,0.2001,-0.0528,-0.0406,-0.3914,-16.4819,-9.9261
8032,-0.1304,-0.1640,9.8667,0.1216,-0.1592,-0.2674,-0.3967,-16.4165,-9.8951
8040,-0.0990,-0.1911,9.8695,0.1238,-0.1250,-0.4816,-0.4020,-16.3513,-9.8642
8048,-0.0447,-0.1919,9.8457,0.0406,0.1157,-0.8518,-0.4072,-16.2864,-9.8333
8056,-0.0680,-0.1981,9.8601,-0.0202,0.0552,-0.8911,-0.4158,-16.2230,-9.8061
8064,-0.0831,-0.1960,9.8412,0.0095,0.1521,-0.9207,-0.4273,-16.1570,-9.7743
8072,-0.0540,-0.2027,9.8469,-0.0606,0.0900,-0.7890,-0.4329,-16.0953,-9.7473
8080,-0.0818,-0.1838,9.8184,-0.1251,0.0786,-0.6418,-0.4385,-16.0339,-9.7204
8088,-0.0692,-0.1794,9.8154,-0.0934,0.0225,-0.3383,-0.4463,-15.9722,-9.6912
8096,-0.0710,-0.1790,9.8281,-0.1217,0.0487,-0.0107,-0.4604,-15.9142,-9.6674
8104,-0.1100,-0.2028,9.7881,0.0245,-0.1528,0.2705,-0.4709,-15.8530,-9.6425
8112,-0.0450,-0.2321,9.7629,0.0096,-0.1215,0.3927,-0.4784,-15.7891,-9.6165
8120,-0.0314,-0.2209,9.7824,-0.0979,0.0844,0.5336,-0.4859,-15.7256,-9.5906
8128,-0.0404,-0.2079,9.7924,-0.0914,0.2199,0.5590,-0.4944,-15.6669,-9.5618
8136,-0.0367,-0.1734,9.7895,-0.0051,0.2269,0.5380,-0.5028,-15.6085,-9.5332
8144,-0.0421,-0.1600,9.7983,-0.0240,0.2709,0.7579,-0.5083,-15.5458,-9.5063
8152,-0.0082,-0.1843,9.7726,-0.1754,0.0250,0.9682,-0.5137,-15.4832,-9.4796
8160,-0.0299,-0.2021,9.7716,-0.0535,0.1551,1.2146,-0.5190,-15.4210,-9.4530
8168,-0.0095,-0.2320,9.7867,0.0044,0.3303,1.3035,-0.5225,-15.3539,-9.4241
8176,0.0104,-0.2498,9.7894,0.0144,0.3644,1.4633,-0.5260,-15.2871,-9.3954
8184,-0.0236,-0.2410,9.7973,-0.1546,0.3650,1.6747,-0.5346,-15.2280,-9.3638
8192,-0.0511,-0.2266,9.7890,-0.1563,0.4270,1.8129,-0.5431,-15.1692,-9.3324
8200,-0.0528,-0.2431,9.7600,-0.0139,0.2863,2.1450,-0.5481,-15.1056,-9.3016
8208,-0.0726,-0.2654,9.7689,0.1436,0.3143,2.3373,-0.5594,-15.0485,-9.2762
8216,-0.0964,-0.2815,9.7970,0.1262,0.2772,2.3318,-0.5705,-14.9905,-9.2479
8224,-0.1562,-0.2783,9.7873,0.0616,0.2123,2.3719,-0.5775,-14.9283,-9.2169
8232,-0.1178,-0.3036,9.7772,0.0531,0.4703,2.5729,-0.5845,-14.8663,-9.1860
8240,-0.1077,-0.2964,9.7867,0.0104,0.3649,2.6905,-0.5994,-14.8040,-9.1626
8248,-0.1450,-0.2954,9.8031,0.0335,0.4722,2.5763,-0.6090,-14.7397,-9.1359
8256,-0.1824,-0.2758,9.8138,-0.0857,0.3268,2.5177,-0.6192,-14.6752,-9.1126
8264,-0.2090,-0.2303,9.8276,-0.1144,0.3585,2.6643,-0.6292,-14.6109,-9.0895
8272,-0.2134,-0.2147,9.8492,-0.0592,0.3380,2.7992,-0.6391,-14.5470,-9.0664
8280,-0.1965,-0.2046,9.8487,0.1030,0.4145,2.8589,-0.6557,-14.4873,-9.0394
8288,-0.2080,-0.2055,9.8619,0.0047,0.2770,2.8279,-0.6722,-14.4278,-9.0125
8296,-0.2207,-0.1958,9.8606,-0.0386,0.2281,2.8623,-0.6851,-14.3681,-8.9835
8304,-0.2464,-0.1930,9.8208,0.0586,0.0747,2.9113,-0.6980,-14.3086,-8.9545
8312,-0.2833,-0.1618,9.8052,0.1383,0.2720,2.8674,-0.7107,-14.2495,-8.9256
8320,-0.2105,-0.1772,9.8271,0.0198,0.4554,2.8227,-0.7194,-14.1877,-8.8958
8328,-0.2221,-0.1684,9.8237,0.0692,0.3267,2.5880,-0.7341,-14.1257,-8.8682
8336,-0.3032,-0.1258,9.8552,0.0524,0.2837,2.3743,-0.7482,-14.0690,-8.8374
8344,-0.3333,-0.1401,9.8751,0.0177,0.4665,2.0525,-0.7594,-14.0081,-8.8090
8352,-0.3887,-0.1331,9.8429,-0.0342,0.2547,1.9502,-0.7704,-13.9474,-8.7806
8360,-0.3588,-0.1294,9.8426,-0.1771,-0.0065,1.6976,-0.7819,-13.8865,-8.7507
8368,-0.3581,-0.1461,9.8459,-0.2685,-0.0003,1.4962,-0.7961,-13.8297,-8.7248
8376,-0.3579,-0.1753,9.8265,-0.3798,-0.0797,1.0981,-0.8097,-13.7682,-8.6967
8384,-0.3377,-0.1986,9.7940,-0.2490,-0.5209,1.1309,-0.8231,-13.7069,-8.6688
8392,-0.3527,-0.1659,9.7974,-0.1186,-0.5989,1.1968,-0.8347,-13.6476,-8.6426
8400,-0.3147,-0.1400,9.8155,-0.2285,-0.6548,1.4039,-0.8462,-13.5886,-8.6165
8408,-0.2832,-0.1484,9.8127,-0.0296,-0.4016,1.4473,-0.8632,-13.5270,-8.5905
8416,-0.2951,-0.1464,9.8179,-0.0847,-0.4741,1.2514,-0.8801,-13.4657,-8.5645
8424,-0.2850,-0.1337,9.8477,-0.0255,-0.4661,1.0827,-0.8968,-13.4048,-8.5387
8432,-0.3314,-0.0967,9.8050,-0.0968,-0.3651,0.9242,-0.9106,-13.3441,-8.5130
8440,-0.2490,-0.1006,9.8119,-0.1623,-0.5032,0.7032,-0.9243,-13.2836,-8.4873
8448,-0.2993,-0.1237,9.8136,-0.1770,-0.6566,0.6012,-0.9423,-13.2235,-8.4601
8456,-0.2619,-0.1382,9.8565,-0.1777,-0.4487,0.5276,-0.9656,-13.1608,-8.4318
8464,-0.2873,-0.1003,9.8580,-0.2397,-0.4578,0.5320,-0.9888,-13.0985,-8.4037
8472,-0.3039,-0.1248,9.8444,-0.2830,-0.3919,0.5521,-0.9985,-13.0381,-8.3789
8480,-0.3321,-0.0782,9.8366,-0.1163,-0.2248,0.6114,-1.0163,-12.9753,-8.3488
8488,-0.2765,-0.1043,9.8213,-0.4157,-0.2331,0.6974,-1.0324,-12.9144,-8.3176
8496,-0.2887,-0.1512,9.8171,-0.3393,-0.2596,0.3050,-1.0411,-12.8516,-8.2899
8504,-0.2632,-0.2114,9.8114,-0.0849,-0.4637,0.3671,-1.0496,-12.7891,-8.2622
8512,-0.2265,-0.2244,9.8081,-0.1563,-0.4721,0.6424,-1.0614,-12.7247,-8.2341
8520,-0.2070,-0.2184,9.8220,-0.0965,-0.2882,0.7564,-1.0763,-12.6645,-8.2056
8528,-0.1829,-0.2439,9.8077,0.0459,-0.0297,0.7641,-1.0911,-12.6045,-8.1771
8536,-0.1383,-0.2229,9.7893,0.1315,-0.2145,1.1848,-1.0991,-12.5433,-8.1471
8544,-0.1322,-0.2202,9.7945,0.1493,-0.4099,1.4084,-1.1071,-12.4823,-8.1173
8552,-0.1312,-0.1791,9.7477,0.2997,0.0993,1.3235,-1.1149,-12.4217,-8.0875
8560,-0.1562,-0.1323,9.7473,0.3501,0.2582,1.0264,-1.1259,-12.3646,-8.0584
8568,-0.1857,-0.1269,9.7924,0.3130,0.5248,1.4383,-1.1367,-12.3078,-8.0293
8576,-0.1222,-0.1675,9.8383,0.3869,0.5211,1.2241,-1.1513,-12.2485,-8.0004
8584,-0.0712,-0.1797,9.8525,0.3216,0.7069,1.0807,-1.1657,-12.1896,-7.9705
8592,-0.1794,-0.1597,9.8517,0.3657,0.7193,1.1648,-1.1723,-12.1353,-7.9418
8600,-0.1347,-0.2218,9.8537,0.4453,0.5764,1.4986,-1.1827,-12.0785,-7.9105
8608,-0.1412,-0.2215,9.8760,0.4947,0.1305,1.4552,-1.1891,-12.0204,-7.8809
8616,-0.1494,-0.2441,9.8542,0.5953,-0.0587,1.7283,-1.1954,-11.9625,-7.8515
8624,-0.1116,-0.2508,9.8546,0.3822,0.1925,1.6774,-1.2054,-11.9050,-7.8259
8632,-0.1258,-0.2486,9.8317,0.4130,-0.0153,2.0902,-1.2191,-11.8493,-7.7966
8640,-0.1163,-0.2526,9.8329,0.2319,0.0739,2.1248,-1.2278,-11.7923,-7.7740
8648,-0.1254,-0.2303,9.7938,0.3493,0.0473,2.3420,-1.2375,-11.7329,-7.7476
8656,-0.1920,-0.2183,9.7658,0.4002,0.0671,2.4803,-1.2471,-11.6737,-7.7213
8664,-0.1963,-0.2393,9.7787,0.5983,-0.1752,2.6526,-1.2565,-11.6148,-7.6951
8672,-0.1892,-0.2177,9.8281,0.4810,-0.0870,2.9987,-1.2648,-11.5606,-7.6674
8680,-0.2101,-0.1504,9.8228,0.4196,-0.1306,3.2043,-1.2729,-11.5066,-7.6398
8688,-0.3000,-0.1169,9.8225,0.4728,0.1450,3.6489,-1.2799,-11.4550,-7.6155
8696,-0.2585,-0.1461,9.7512,0.5130,0.3633,3.5781,-1.2868,-11.4036,-7.5913
8704,-0.1903,-0.0943,9.8019,0.6555,0.4466,3.7317,-1.2936,-11.3525,-7.5672
8712,-0.1815,-0.1617,9.7841,0.7197,0.5610,3.4466,-1.3030,-11.2973,-7.5431
8720,-0.1571,-0.1485,9.7715,0.6931,0.5878,3.4299,-1.3117,-11.2526,-7.5186
8728,-0.1975,-0.1110,9.7898,0.7077,0.0693,3.4247,-1.3209,-11.2076,-7.4975
8736,-0.2085,-0.1249,9.8031,0.6603,-0.0105,3.4196,-1.3300,-11.1628,-7.4763
8744,-0.2726,-0.1420,9.8539,0.6283,-0.2254,3.5455,-1.3358,-11.1177,-7.4537
8752,-0.2432,-0.1211,9.8816,0.5684,0.1504,3.4365,-1.3404,-11.0727,-7.4322
8760,-0.2854,-0.1163,9.8635,0.5031,-0.1116,3.3563,-1.3449,-11.0307,-7.4161
8768,-0.2994,-0.1470,9.8502,0.4434,0.0752,3.3330,-1.3536,-10.9852,-7.3915
8776,-0.2229,-0.1962,9.8601,0.4902,0.3231,3.0386,-1.3623,-10.9398,-7.3670
8784,-0.2428,-0.1191,9.8950,0.5830,0.2349,3.1092,-1.3676,-10.8995,-7.3431
8792,-0.2472,-0.1067,9.8851,0.6371,0.2199,2.9819,-1.3729,-10.8593,-7.3193
8800,-0.2357,-0.0440,9.8707,0.3821,0.2615,2.8229,-1.3743,-10.8156,-7.3046
8808,-0.2212,-0.0169,9.8727,0.3303,0.4293,2.2309,-1.3757,-10.7721,-7.2900
8816,-0.3029,0.0021,9.8458,0.3234,0.5125,1.8408,-1.3770,-10.7288,-7.2755
8824,-0.2628,-0.0490,9.8461,0.4342,0.6187,1.6704,-1.3852,-10.6932,-7.2604
8832,-0.2754,-0.0633,9.8695,0.4281,0.6349,1.3207,-1.3933,-10.6578,-7.2454
8840,-0.2585,-0.1491,9.8717,0.3716,0.8423,0.9197,-1.4040,-10.6155,-7.2315
8848,-0.2819,-0.2009,9.8863,0.4082,0.5261,0.8376,-1.4145,-10.5735,-7.2176
8856,-0.3049,-0.2203,9.8987,0.3046,0.5677,0.8604,-1.4240,-10.5386,-7.2054
8864,-0.3275,-0.2289,9.8921,0.1255,0.6208,0.9542,-1.4317,-10.5076,-7.1915
8872,-0.2920,-0.2174,9.9171,0.2236,0.5729,0.9612,-1.4446,-10.4703,-7.1767
8880,-0.2826,-0.1957,9.9165,0.2401,0.8071,1.0532,-1.4575,-10.4316,-7.1582
8888,-0.2496,-0.1596,9.9251,0.2398,0.6497,0.9226,-1.4702,-10.3932,-7.1397
8896,-0.2301,-0.1329,9.8909,0.3889,0.8272,1.0137,-1.4818,-10.3575,-7.1240
8904,-0.2899,-0.1375,9.8896,0.6568,1.0983,1.0634,-1.4932,-10.3220,-7.1104
8912,-0.2762,-0.1661,9.8192,0.3103,0.9628,1.1297,-1.5046,-10.2866,-7.0905
8920,-0.2250,-0.1666,9.8521,0.3736,1.0253,1.1557,-1.5159,-10.2514,-7.0706
8928,-0.2220,-0.1793,9.8650,0.4928,0.9944,1.0339,-1.5271,-10.2164,-7.0508
8936,-0.2558,-0.1403,9.8721,0.3455,0.7328,1.0374,-1.5408,-10.1858,-7.0401
8944,-0.2922,-0.1190,9.9035,0.4233,0.9360,1.0968,-1.5544,-10.1553,-7.0293
8952,-0.3165,-0.1185,9.8537,0.3403,0.7463,0.6096,-1.5669,-10.1218,-7.0170
8960,-0.3631,-0.1185,9.8491,0.2317,0.9543,0.5544,-1.5793,-10.0884,-7.0047
8968,-0.2896,-0.1668,9.7976,0.0478,0.8545,0.5735,-1.5916,-10.0552,-6.9924
8976,-0.2786,-0.1927,9.8175,0.1199,0.9590,0.4505,-1.6048,-10.0305,-6.9780
8984,-0.2996,-0.2138,9.8282,0.0636,1.1790,0.2689,-1.6211,-9.9986,-6.9605
8992,-0.3119,-0.2093,9.8274,-0.2436,1.0054,0.3753,-1.6367,-9.9690,-6.9426
9000,-0.2783,-0.2630,9.8194,-0.4201,1.0233,0.5063,-1.6522,-9.9395,-6.9247
9008,-0.2647,-0.2944,9.8176,-0.1968,1.0191,1.0075,-1.6692,-9.9200,-6.9100
9016,-0.2024,-0.4174,9.8515,-0.3486,0.5192,1.4549,-1.6877,-9.8965,-6.8953
9024,-0.2480,-0.3822,9.8380,-0.0325,0.2731,1.8747,-1.7065,-9.8714,-6.8785
9032,-0.2214,-0.3694,9.8113,0.0938,0.5017,2.0041,-1.7257,-9.8497,-6.8639
9040,-0.1809,-0.3345,9.8476,0.3000,0.5123,2.2905,-1.7448,-9.8280,-6.8494
9048,-0.1803,-0.3267,9.9010,0.5957,0.9039,2.6471,-1.7632,-9.8085,-6.8343
9056,-0.1451,-0.3707,9.8892,0.4892,0.6462,2.6814,-1.7814,-9.7891,-6.8193
9064,-0.1661,-0.3266,9.9108,0.5528,0.5892,2.7462,-1.7980,-9.7697,-6.8064
9072,-0.1573,-0.3259,9.8521,0.6135,0.3107,3.0402,-1.8144,-9.7504,-6.7935
9080,-0.1425,-0.3276,9.8449,0.5355,-0.1956,2.9720,-1.8308,-9.7313,-6.7807
9088,-0.2189,-0.2790,9.8567,0.4504,-0.2238,2.7708,-1.8496,-9.7070,-6.7720
9096,-0.1759,-0.3288,9.8741,0.1876,-0.0401,2.5197,-1.8682,-9.6827,-6.7633
9104,-0.1238,-0.3539,9.9222,-0.0237,0.0049,2.2049,-1.8857,-9.6706,-6.7505
9112,-0.1587,-0.3374,9.9476,0.2942,0.2160,2.1786,-1.9031,-9.6584,-6.7377
9120,-0.2153,-0.3248,9.9568,0.2409,0.2524,2.1054,-1.9224,-9.6416,-6.7244
9128,-0.1271,-0.3151,9.9452,0.2219,0.3006,2.1101,-1.9457,-9.6253,-6.7117
9136,-0.1840,-0.2827,9.9437,0.4118,0.6507,2.2825,-1.9605,-9.6070,-6.7000
9144,-0.1243,-0.2835,9.9001,0.5160,0.4362,1.9835,-1.9757,-9.5950,-6.6889
9152,-0.0826,-0.2937,9.9521,0.4130,0.0231,2.1001,-1.9908,-9.5830,-6.6777
9160,-0.0854,-0.3805,9.9395,0.5145,0.2893,2.3397,-2.0098,-9.5684,-6.6614
9168,-0.1057,-0.4352,9.9632,0.5049,0.0506,2.3608,-2.0267,-9.5570,-6.6508
9176,-0.1423,-0.4461,9.9004,0.1971,-0.2471,2.8076,-2.0475,-9.5456,-6.6367
9184,-0.1604,-0.4969,9.8691,0.1640,0.3377,2.6963,-2.0682,-9.5342,-6.6225
9192,-0.2637,-0.4882,9.8566,0.1804,0.4568,2.8724,-2.0887,-9.5228,-6.6084
9200,-0.2698,-0.4767,9.8472,0.0547,0.4934,3.4622,-2.1075,-9.5129,-6.5953
9208,-0.3144,-0.4248,9.8601,0.1372,0.9471,3.7729,-2.1261,-9.5031,-6.5823
9216,-0.2788,-0.4043,9.8253,-0.0372,1.2716,3.9393,-2.1426,-9.4964,-6.5688
9224,-0.1905,-0.3580,9.8480,0.0653,1.1366,3.8531,-2.1589,-9.4896,-6.5553
9232,-0.1174,-0.3197,9.8390,-0.1673,1.0901,4.0160,-2.1751,-9.4828,-6.5418
9240,-0.0819,-0.2800,9.8545,-0.0057,1.2004,4.0171,-2.1901,-9.4770,-6.5294
9248,0.0046,-0.2560,9.8480,-0.0086,1.3884,3.8982,-2.2060,-9.4702,-6.5160
9256,-0.0033,-0.2178,9.8326,-0.0406,1.1310,3.5925,-2.2202,-9.4628,-6.5021
9264,0.0164,-0.2357,9.8095,-0.2900,0.7488,3.3908,-2.2359,-9.4569,-6.4836
9272,0.0679,-0.2783,9.8337,-0.2777,0.4366,3.1179,-2.2514,-9.4510,-6.4651
9280,0.0932,-0.3022,9.8798,-0.2873,0.5541,3.3743,-2.2683,-9.4491,-6.4493
9288,0.0067,-0.3134,9.8545,-0.0059,0.7118,3.6995,-2.2861,-9.4462,-6.4361
9296,0.0141,-0.2780,9.8275,-0.1447,0.5346,3.6798,-2.2966,-9.4417,-6.4254
9304,-0.0129,-0.2000,9.8495,-0.0562,0.9998,3.3916,-2.3168,-9.4356,-6.4071
9312,0.0637,-0.2059,9.8640,-0.1315,0.5433,3.5000,-2.3368,-9.4294,-6.3888
9320,0.1153,-0.1401,9.9063,0.1218,0.3575,3.7424,-2.3566,-9.4232,-6.3706
9328,-0.0229,-0.0529,9.9281,-0.2093,0.1318,3.5368,-2.3723,-9.4205,-6.3571
9336,0.1508,-0.0404,9.9452,0.1755,0.2573,4.0095,-2.3878,-9.4178,-6.3435
9344,0.1272,0.0665,9.9433,-0.2940,0.2599,3.8696,-2.4031,-9.4150,-6.3300
9352,0.0703,0.1332,9.9074,-0.2602,0.6091,3.7438,-2.4169,-9.4132,-6.3140
9360,0.0780,0.1134,9.9237,-0.1773,0.0844,3.6288,-2.4305,-9.4113,-6.2980
9368,0.0708,0.0522,9.8432,-0.1406,0.3293,3.1029,-2.4470,-9.4063,-6.2826
9376,0.1819,-0.0192,9.8378,0.0171,0.3395,2.8986,-2.4573,-9.4028,-6.2687
9384,0.1831,-0.0819,9.8589,0.1146,0.0693,3.1299,-2.4675,-9.3992,-6.2549
9392,0.1741,-0.1382,9.8898,0.1625,-0.0585,2.9431,-2.4858,-9.4002,-6.2400
9400,0.1465,-0.1951,9.8963,0.1096,-0.1834,3.6632,-2.4978,-9.3995,-6.2207
9408,0.1369,-0.2269,9.8667,0.0164,0.1159,4.1330,-2.5138,-9.3983,-6.2054
9416,0.1333,-0.2717,9.8614,0.1645,0.3381,4.4250,-2.5282,-9.4000,-6.1887
9424,0.0849,-0.2362,9.9153,-0.0538,0.7692,4.3896,-2.5424,-9.4017,-6.1720
9432,0.0443,-0.2145,9.9217,-0.0812,0.7708,4.5690,-2.5525,-9.4032,-6.1538
9440,0.0663,-0.1197,9.9348,-0.0301,1.0097,4.4340,-2.5619,-9.4118,-6.1377
9448,0.1067,-0.1095,9.9325,-0.0612,0.8435,4.3235,-2.5713,-9.4202,-6.1217
9456,0.0408,-0.1436,9.9318,0.1917,0.8418,4.2205,-2.5852,-9.4229,-6.1001
9464,-0.0343,-0.1202,9.9143,0.2816,0.9629,4.4633,-2.5989,-9.4254,-6.0786
9472,0.0303,-0.1355,9.9240,0.3515,0.8921,4.8022,-2.6126,-9.4278,-6.0571
9480,0.0154,-0.0424,9.8904,0.2530,1.0750,5.1476,-2.6220,-9.4352,-6.0408
9488,0.0074,-0.0596,9.8345,0.3055,1.1165,5.2032,-2.6314,-9.4425,-6.0245
9496,-0.0372,-0.0429,9.7780,0.3904,1.1696,5.1071,-2.6407,-9.4471,-6.0092
9504,0.0463,-0.1152,9.8271,0.5329,1.1537,5.2552,-2.6500,-9.4515,-5.9941
9512,0.0326,-0.1132,9.7945,0.5651,1.3945,4.9728,-2.6606,-9.4609,-5.9779
9520,0.0908,-0.1606,9.7942,0.5560,1.1955,4.5987,-2.6686,-9.4702,-5.9653
9528,0.0770,-0.1839,9.8226,0.6379,1.1278,4.6330,-2.6751,-9.4783,-5.9477
9536,-0.0326,-0.1608,9.8128,0.7562,1.2710,4.8338,-2.6814,-9.4862,-5.9302
9544,-0.1317,-0.1308,9.9064,0.8001,0.6240,4.8898,-2.6918,-9.4965,-5.9162
9552,-0.1708,-0.0840,9.9273,0.7593,0.2827,4.7514,-2.7056,-9.5026,-5.8962
9560,-0.2804,0.0029,9.9221,0.6457,0.0949,4.3390,-2.7157,-9.5137,-5.8803
9568,-0.2271,-0.0278,9.8577,0.6703,-0.0180,4.0807,-2.7177,-9.5225,-5.8660
9576,-0.2462,-0.0077,9.8204,0.5446,-0.1819,3.9163,-2.7196,-9.5312,-5.8516
9584,-0.2220,-0.0059,9.8094,0.5497,0.0693,3.8951,-2.7215,-9.5397,-5.8374
9592,-0.2398,-0.0872,9.7348,0.3919,-0.1652,3.5229,-2.7299,-9.5517,-5.8176
9600,-0.2003,-0.1498,9.7402,0.4089,-0.5040,3.4362,-2.7382,-9.5634,-5.7979
9608,-0.2284,-0.1723,9.7386,0.4626,-0.5961,3.1960,-2.7414,-9.5735,-5.7757
9616,-0.2137,-0.1663,9.7865,0.4766,-0.7427,2.9024,-2.7446,-9.5834,-5.7536
9624,-0.2263,-0.1153,9.8352,0.7167,-0.8030,3.0828,-2.7476,-9.5932,-5.7315
9632,-0.1180,-0.1392,9.8232,0.9142,-0.7193,2.6928,-2.7517,-9.6023,-5.7116
9640,-0.1593,-0.1290,9.8111,0.4845,-0.9033,2.4824,-2.7557,-9.6123,-5.6907
9648,-0.1124,-0.1699,9.8383,0.6202,-0.7832,1.9666,-2.7581,-9.6276,-5.6743
9656,-0.0650,-0.2229,9.8001,0.5953,-0.9750,1.7907,-2.7604,-9.6427,-5.6581
9664,-0.0476,-0.2093,9.7911,0.5768,-0.7424,1.4065,-2.7618,-9.6587,-5.6393
9672,-0.0269,-0.1305,9.7897,0.5032,-0.6187,1.1937,-2.7645,-9.6689,-5.6151
9680,-0.0632,-0.0742,9.7776,0.5874,-0.2497,0.9183,-2.7688,-9.6814,-5.5935
9688,-0.0979,0.0533,9.7429,0.5079,-0.3849,0.6522,-2.7679,-9.6938,-5.5769
9696,-0.1075,0.0620,9.8071,0.6000,-0.5408,0.5658,-2.7670,-9.7060,-5.5604
9704,-0.1685,0.0781,9.7828,0.5520,-0.7806,-0.1275,-2.7736,-9.7165,-5.5405
9712,-0.1567,-0.0230,9.7704,0.5540,-1.2045,-0.1505,-2.7802,-9.7268,-5.5206
9720,-0.2404,-0.0699,9.7560,0.2574,-0.9486,-0.5139,-2.7791,-9.7370,-5.5017
9728,-0.2204,-0.1597,9.7821,0.2430,-0.8612,-0.5360,-2.7781,-9.7470,-5.4830
9736,-0.1928,-0.2414,9.8700,0.1813,-0.9163,-0.5144,-2.7770,-9.7568,-5.4642
9744,-0.1747,-0.3025,9.8985,0.1969,-0.7556,-0.0939,-2.7788,-9.7765,-5.4486
9752,-0.0548,-0.3501,9.9001,-0.0894,-1.0633,-0.0170,-2.7807,-9.7959,-5.4329
9760,-0.0653,-0.3058,9.8720,0.1140,-0.7602,0.1738,-2.7789,-9.8071,-5.4129
9768,-0.0939,-0.2442,9.8830,0.1646,-0.8277,0.1803,-2.7772,-9.8182,-5.3928
9776,-0.0737,-0.2136,9.8883,0.2556,-0.7963,-0.0962,-2.7764,-9.8330,-5.3774
9784,-0.1352,-0.1758,9.8285,0.3080,-1.3288,0.0928,-2.7736,-9.8456,-5.3555
9792,-0.0419,-0.2268,9.8432,0.2541,-1.0995,0.2308,-2.7723,-9.8606,-5.3371
9800,-0.1515,-0.1718,9.8023,0.3492,-0.5628,0.0988,-2.7674,-9.8778,-5.3163
9808,-0.1678,-0.1754,9.7607,0.4082,-0.2390,0.2232,-2.7625,-9.8949,-5.2956
9816,-0.1493,-0.2023,9.7832,0.4406,0.2867,0.2809,-2.7576,-9.9107,-5.2739
9824,-0.1498,-0.2485,9.7939,0.4529,0.5601,0.6720,-2.7542,-9.9269,-5.2518
9832,-0.0392,-0.2680,9.7686,0.4673,0.8189,0.9874,-2.7528,-9.9398,-5.2338
9840,0.0336,-0.2724,9.8058,0.4251,1.0796,1.6249,-2.7513,-9.9526,-5.2158
9848,-0.0249,-0.1999,9.7940,0.4514,1.1610,1.8160,-2.7498,-9.9652,-5.1979
9856,0.0502,-0.2282,9.7591,0.5779,1.1748,2.1000,-2.7463,-9.9791,-5.1721
9864,0.0502,-0.1740,9.7603,0.2322,0.8067,2.2409,-2.7428,-9.9928,-5.1463
9872,0.0931,-0.1423,9.7309,0.2749,1.0600,2.2076,-2.7328,-10.0138,-5.1286
9880,0.1228,-0.0999,9.7644,0.3878,1.1662,1.6718,-2.7228,-10.0346,-5.1109
9888,0.1132,-0.0802,9.7487,0.3544,1.8811,1.5488,-2.7127,-10.0551,-5.0933
9896,0.1428,-0.1463,9.7724,0.3065,1.5915,1.5458,-2.7003,-10.0665,-5.0758
9904,0.0470,-0.1267,9.7231,0.3086,1.5224,1.4443,-2.6868,-10.0821,-5.0553
9912,0.1153,-0.1760,9.7301,0.2040,1.2271,1.1606,-2.6773,-10.0961,-5.0349
9920,0.1419,-0.2238,9.7286,0.2720,1.3634,1.2306,-2.6678,-10.1098,-5.0145
9928,0.1624,-0.2047,9.7354,0.3130,1.2857,1.0975,-2.6584,-10.1259,-4.9942
9936,0.2128,-0.2033,9.7549,0.2029,1.1474,0.9676,-2.6499,-10.1393,-4.9765
9944,0.2653,-0.2162,9.7374,0.1909,1.2178,0.7954,-2.6385,-10.1520,-4.9543
9952,0.2166,-0.2328,9.7001,0.3021,1.2024,0.7320,-2.6245,-10.1694,-4.9337
9960,0.1767,-0.2757,9.6997,0.3338,1.3104,0.9834,-2.6107,-10.1867,-4.9132
9968,0.1524,-0.2347,9.6938,0.2761,1.4297,0.8345,-2.5943,-10.2063,-4.8912
9976,0.1505,-0.2801,9.6990,0.2289,1.3251,0.8014,-2.5780,-10.2256,-4.8693
9984,0.1889,-0.3053,9.7291,0.0958,1.1504,0.9058,-2.5642,-10.2373,-4.8465
9992,0.1939,-0.3107,9.7765,0.0085,0.9567,0.8002,-2.5504,-10.2489,-4.8237
10000,0.2637,-0.3307,9.7724,0.2611,1.0328,0.8380,-2.5366,-10.2602,-4.8011
10008,0.2298,-0.3169,9.7487,0.3159,1.3642,0.6341,-2.5234,-10.2734,-4.7755
10016,0.1740,-0.2378,9.8097,0.3816,1.4704,0.5085,-2.5102,-10.2863,-4.7500
10024,0.2147,-0.2324,9.8311,0.4312,1.2067,0.2337,-2.4925,-10.3001,-4.7246
10032,0.3066,-0.2234,9.8451,0.3692,0.8959,0.0829,-2.4774,-10.3138,-4.7002
10040,0.3009,-0.2430,9.8586,0.2460,0.7773,-0.1493,-2.4623,-10.3272,-4.6760
10048,0.3541,-0.2707,9.8294,0.2481,0.8505,-0.2914,-2.4452,-10.3424,-4.6548
10056,0.3849,-0.3232,9.8190,0.3915,0.8113,-0.2699,-2.4316,-10.3536,-4.6326
10064,0.3431,-0.3192,9.8418,0.4246,0.6990,-0.3880,-2.4141,-10.3625,-4.6111
10072,0.3385,-0.3484,9.8507,0.3443,0.8291,-0.2556,-2.3967,-10.3713,-4.5896
10080,0.3472,-0.3766,9.8118,0.5101,0.9374,-0.1930,-2.3803,-10.3864,-4.5696
10088,0.2903,-0.3561,9.7488,0.5380,1.1503,-0.1145,-2.3604,-10.3924,-4.5472
10096,0.3845,-0.3307,9.7806,0.4527,1.0286,-0.1967,-2.3460,-10.4043,-4.5230
10104,0.3669,-0.2518,9.7661,0.4672,0.8829,-0.4460,-2.3317,-10.4159,-4.4988
10112,0.3573,-0.2304,9.7835,0.4063,0.7862,-0.5965,-2.3174,-10.4274,-4.4747
10120,0.4074,-0.2175,9.8184,0.3401,0.6884,-1.2016,-2.2982,-10.4348,-4.4521
10128,0.3699,-0.2162,9.8295,0.3381,0.4429,-1.8710,-2.2790,-10.4420,-4.4296
10136,0.3960,-0.2456,9.8176,0.2429,0.4694,-2.6310,-2.2633,-10.4482,-4.4092
10144,0.3973,-0.2836,9.8242,0.0398,0.2681,-2.9979,-2.2477,-10.4541,-4.3888
10152,0.3461,-0.3467,9.7737,0.1817,0.0197,-3.1780,-2.2320,-10.4600,-4.3685
10160,0.3859,-0.3942,9.7927,0.4266,0.1687,-3.3129,-2.2160,-10.4647,-4.3468
10168,0.3012,-0.4199,9.7716,0.4102,0.0633,-3.2286,-2.1999,-10.4733,-4.3212
10176,0.3197,-0.4172,9.7962,0.3812,-0.0162,-3.2734,-2.1830,-10.4817,-4.2972
10184,0.2591,-0.3773,9.7670,0.2840,-0.1109,-3.3961,-2.1675,-10.4831,-4.2737
10192,0.1969,-0.3427,9.7725,0.1752,-0.1695,-3.3775,-2.1521,-10.4844,-4.2504
10200,0.1971,-0.2835,9.7889,0.1538,-0.1935,-3.3304,-2.1308,-10.4880,-4.2261
10208,0.2169,-0.3079,9.7863,0.0559,-0.3284,-3.5626,-2.1105,-10.4965,-4.2054
10216,0.1337,-0.2776,9.7909,0.1357,-0.3455,-3.7554,-2.0917,-10.4949,-4.1822
10224,0.2374,-0.2934,9.8046,0.2094,-0.2978,-3.9051,-2.0696,-10.4968,-4.1557
10232,0.2101,-0.3118,9.8097,0.1491,-0.2869,-3.9469,-2.0475,-10.4985,-4.1293
10240,0.1599,-0.2711,9.7870,0.2275,-0.5804,-3.9442,-2.0255,-10.5001,-4.1030
10248,0.2005,-0.2807,9.8070,0.2891,-0.2878,-3.8616,-2.0114,-10.5060,-4.0783
10256,0.1494,-0.2320,9.8032,0.0813,0.0027,-3.8066,-1.9974,-10.5118,-4.0537
10264,0.1432,-0.2079,9.8244,0.0480,-0.1221,-4.0394,-1.9764,-10.5175,-4.0291
10272,0.0442,-0.1675,9.8162,-0.1918,-0.3669,-4.3580,-1.9556,-10.5226,-4.0042
10280,-0.0171,-0.1506,9.8398,-0.1652,-0.4222,-4.4307,-1.9348,-10.5276,-3.9793
10288,-0.1259,-0.1388,9.8110,-0.2464,-0.5552,-4.5641,-1.9135,-10.5281,-3.9551
10296,-0.1004,-0.1483,9.8132,-0.4147,-0.4103,-4.6784,-1.8933,-10.5274,-3.9289
10304,-0.0979,-0.1322,9.7874,-0.4210,-0.2024,-4.6438,-1.8732,-10.5267,-3.9029
10312,-0.0209,-0.1855,9.8005,-0.5844,-0.1050,-4.5919,-1.8516,-10.5225,-3.8774
10320,0.0479,-0.1655,9.8037,-0.4259,-0.0358,-4.4197,-1.8281,-10.5197,-3.8521
10328,0.0609,-0.1127,9.7816,-0.4237,-0.0203,-4.4763,-1.8057,-10.5153,-3.8292
10336,0.1182,-0.0308,9.7502,-0.4910,-0.2429,-4.7011,-1.7814,-10.5103,-3.8036
10344,0.1651,0.0338,9.7550,-0.4513,-0.1943,-4.9454,-1.7571,-10.5053,-3.7780
10352,0.1916,0.0439,9.7593,-0.3413,-0.2999,-5.1097,-1.7305,-10.5027,-3.7501
10360,0.1910,0.0704,9.7633,-0.4442,-0.4835,-5.5975,-1.7108,-10.4975,-3.7267
10368,0.2036,0.0697,9.7677,-0.4012,-0.4538,-6.0159,-1.6912,-10.4923,-3.7034
10376,0.3061,0.0163,9.7568,-0.3334,-0.5320,-6.2534,-1.6648,-10.4797,-3.6802
10384,0.3939,-0.0602,9.7905,-0.3192,-0.4415,-6.2859,-1.6384,-10.4670,-3.6571
10392,0.5106,-0.1546,9.8047,-0.2764,-0.4429,-6.1969,-1.6122,-10.4543,-3.6341
10400,0.5279,-0.1657,9.8298,-0.3021,-0.3297,-5.9305,-1.5831,-10.4420,-3.6083
10408,0.5682,-0.1507,9.8448,-0.2306,-0.1387,-5.8170,-1.5541,-10.4297,-3.5826
10416,0.6634,-0.1772,9.8338,-0.2636,0.0200,-5.7299,-1.5257,-10.4169,-3.5565
10424,0.7809,-0.2254,9.8061,-0.2099,0.0490,-5.7132,-1.4974,-10.4040,-3.5305
10432,0.8226,-0.2225,9.8283,-0.2358,0.0448,-5.6812,-1.4732,-10.3946,-3.5011
10440,0.8849,-0.2422,9.8480,-0.2339,0.2194,-5.4160,-1.4441,-10.3865,-3.4769
10448,0.9258,-0.2618,9.8449,-0.2188,0.2238,-5.1038,-1.4152,-10.3760,-3.4502
10456,0.9323,-0.2741,9.8352,-0.1350,0.2679,-4.9625,-1.3854,-10.3615,-3.4262
10464,0.9728,-0.2757,9.8474,-0.1962,0.2674,-4.8087,-1.3557,-10.3470,-3.4022
10472,0.9940,-0.2767,9.8307,-0.1587,0.3310,-4.5310,-1.3266,-10.3354,-3.3755
10480,0.9949,-0.2771,9.8292,-0.2189,0.3464,-4.4974,-1.2972,-10.3224,-3.3503
10488,0.9602,-0.2911,9.8456,-0.1137,0.4092,-4.4360,-1.2732,-10.3083,-3.3247
10496,0.9165,-0.2865,9.8473,-0.0852,0.4612,-4.4039,-1.2493,-10.2941,-3.2993
10504,0.8428,-0.2669,9.8524,-0.0979,0.4603,-4.3999,-1.2255,-10.2800,-3.2740
10512,0.8103,-0.2623,9.8607,-0.1127,0.4221,-4.3747,-1.1994,-10.2649,-3.2497
10520,0.7599,-0.2523,9.8504,-0.1162,0.3429,-4.2626,-1.1734,-10.2497,-3.2256
10528,0.7412,-0.2637,9.8380,-0.1729,0.4591,-4.1715,-1.1485,-10.2346,-3.1996
10536,0.7270,-0.2794,9.8340,-0.1285,0.4423,-4.0310,-1.1236,-10.2194,-3.1738
10544,0.6772,-0.2814,9.8422,-0.1206,0.4929,-3.8779,-1.0989,-10.2042,-3.1481
10552,0.5958,-0.2682,9.8369,-0.0944,0.4959,-3.8249,-1.0709,-10.1836,-3.1258
10560,0.5175,-0.2598,9.8453,-0.0427,0.4215,-3.6809,-1.0385,-10.1674,-3.0993
10568,0.4608,-0.2532,9.8515,-0.0413,0.3103,-3.3858,-1.0122,-10.1527,-3.0778
10576,0.4300,-0.2317,9.8508,-0.0799,0.3027,-3.0610,-0.9860,-10.1380,-3.0564
10584,0.3826,-0.2250,9.8451,-0.1462,0.2820,-2.9104,-0.9595,-10.1203,-3.0332
10592,0.3364,-0.2181,9.8414,-0.1242,0.2969,-2.7290,-0.9360,-10.1119,-3.0095
10600,0.2951,-0.2131,9.8430,-0.1459,0.2312,-2.7369,-0.9062,-10.0966,-2.9904
10608,0.2569,-0.2187,9.8421,-0.0840,0.2537,-2.5258,-0.8761,-10.0803,-2.9669
10616,0.2054,-0.2132,9.8382,-0.1021,0.1845,-2.3799,-0.8462,-10.0641,-2.9435
10624,0.1661,-0.2160,9.8301,-0.0767,0.0624,-2.2911,-0.8163,-10.0493,-2.9218
10632,0.1483,-0.2117,9.8300,-0.1164,-0.0224,-2.1848,-0.7866,-10.0345,-2.9001
10640,0.1290,-0.2138,9.8313,-0.1011,0.0138,-1.9552,-0.7600,-10.0201,-2.8799
10648,0.1051,-0.2111,9.8193,-0.1958,0.0458,-1.7676,-0.7335,-10.0058,-2.8599
10656,0.0854,-0.2086,9.8253,-0.1850,0.0257,-1.7295,-0.7071,-9.9914,-2.8399
10664,0.0589,-0.2000,9.8316,-0.2573,-0.0282,-1.6985,-0.6784,-9.9746,-2.8177
10672,0.0494,-0.1854,9.8291,-0.3105,-0.0957,-1.6421,-0.6498,-9.9578,-2.7955
10680,0.0254,-0.1818,9.8264,-0.3000,-0.0696,-1.5962,-0.6252,-9.9454,-2.7763
10688,-0.0459,-0.0901,9.8294,-0.3034,-0.0206,-0.6083,-0.6007,-9.9330,-2.7572
10696,-0.0677,-0.0714,9.8363,-0.2185,-0.1125,1.5016,-0.5672,-9.9206,-2.7323
10704,-0.0728,-0.0781,9.8220,-0.1267,-0.0350,3.2047,-0.5386,-9.9096,-2.7091
10712,-0.0811,-0.0459,9.8259,-0.1270,-0.1502,4.8199,-0.5087,-9.8986,-2.6883
10720,-0.1032,-0.0109,9.8399,-0.1165,-0.1750,6.1832,-0.4780,-9.8851,-2.6676
10728,-0.1163,0.0645,9.8375,-0.0879,-0.1721,7.9162,-0.4475,-9.8717,-2.6471
10736,-0.1105,0.1788,9.8263,-0.1458,-0.0787,9.6240,-0.4171,-9.8553,-2.6251
10744,-0.1079,0.2885,9.8311,-0.1292,-0.0586,11.1052,-0.3849,-9.8399,-2.6077
10752,-0.0896,0.4152,9.8255,-0.1586,-0.0848,12.1883,-0.3509,-9.8186,-2.5893
10760,-0.0867,0.5639,9.8149,-0.1308,-0.1872,12.8960,-0.3171,-9.7974,-2.5710
10768,-0.0773,0.6466,9.8222,-0.1415,-0.1198,13.3487,-0.2834,-9.7762,-2.5528
10776,-0.0578,0.7806,9.8252,-0.0211,-0.0526,13.0884,-0.2499,-9.7662,-2.5337
10784,-0.0826,0.8195,9.8174,0.0541,-0.0284,12.5967,-0.2165,-9.7562,-2.5147
10792,-0.1013,0.9029,9.8222,-0.0127,-0.0826,12.0119,-0.1834,-9.7438,-2.4982
10800,-0.1155,1.0085,9.8334,-0.0126,-0.1450,11.3087,-0.1503,-9.7313,-2.4818
10808,-0.1074,1.0297,9.8435,0.0408,-0.1648,10.5509,-0.1175,-9.7188,-2.4654
10816,-0.1042,1.0526,9.8294,0.0973,-0.1383,9.9116,-0.0819,-9.7083,-2.4487
10824,-0.0931,1.0210,9.8380,0.1513,-0.1797,9.1642,-0.0489,-9.6915,-2.4320
10832,-0.0717,1.0347,9.8555,0.1735,-0.0912,8.5802,-0.0093,-9.6790,-2.4158
10840,-0.0878,1.1117,9.8398,0.3015,-0.0280,7.6510,0.0301,-9.6665,-2.3998
10848,-0.1389,1.1678,9.8520,0.4026,-0.0635,6.7439,0.0678,-9.6555,-2.3848
10856,-0.1869,1.1616,9.8558,0.5019,0.0412,5.9510,0.1024,-9.6435,-2.3669
10864,-0.2062,1.0062,9.8656,0.5888,0.0666,5.4035,0.1398,-9.6349,-2.3452
10872,-0.2013,1.0094,9.9173,0.5706,0.0350,4.6880,0.1808,-9.6296,-2.3295
10880,-0.2151,0.8767,9.9312,0.5452,-0.0780,4.3477,0.2215,-9.6244,-2.3138
10888,-0.1999,0.7879,9.9106,0.6356,-0.0873,3.9050,0.2587,-9.6186,-2.2929
10896,-0.1806,0.7550,9.9038,0.7434,-0.2536,3.5083,0.2956,-9.6128,-2.2720
10904,-0.1495,0.8510,9.8903,0.6304,-0.3912,2.9077,0.3357,-9.6051,-2.2566
10912,-0.0894,0.6882,9.8923,0.7224,-0.3975,2.5599,0.3756,-9.5973,-2.2412
10920,-0.0465,0.6096,9.8845,0.7997,-0.2355,1.8967,0.4153,-9.5895,-2.2259
10928,-0.0308,0.6338,9.8679,0.7777,-0.0967,0.9799,0.4557,-9.5880,-2.2106
10936,0.0020,0.5499,9.8697,0.7432,-0.1078,0.2738,0.4959,-9.5865,-2.1954
10944,0.0440,0.4864,9.8996,0.5956,-0.3372,-0.2307,0.5359,-9.5873,-2.1803
10952,0.0537,0.5997,9.8984,0.4625,-0.0419,-1.1959,0.5713,-9.5862,-2.1609
10960,0.0935,0.7254,9.9579,0.3698,0.1339,-1.9962,0.6065,-9.5850,-2.1416
10968,0.0999,0.9708,9.9443,0.2492,0.1766,-2.9241,0.6463,-9.5901,-2.1238
10976,0.0862,1.0553,9.9156,0.1579,0.2175,-4.0781,0.6836,-9.6005,-2.1047
10984,0.0678,1.0612,9.8682,0.1559,0.0619,-5.3550,0.7230,-9.6045,-2.0894
10992,0.1386,1.0429,9.8008,0.3379,0.1291,-5.9334,0.7675,-9.6161,-2.0743
11000,0.1033,0.9096,9.7529,0.0374,0.3080,-7.1931,0.8117,-9.6277,-2.0549
11008,0.1926,0.9321,9.7944,0.0247,0.6205,-8.4671,0.8470,-9.6378,-2.0340
11016,0.2197,0.8299,9.8824,0.2898,1.1992,-9.0347,0.8844,-9.6478,-2.0095
11024,0.2505,0.7210,9.9038,0.1674,1.2194,-10.0468,0.9217,-9.6577,-1.9850
11032,0.2493,0.5127,9.8799,0.1623,1.1053,-10.9853,0.9587,-9.6676,-1.9606
11040,0.2117,0.4017,10.0240,0.0961,0.9749,-11.9281,0.9989,-9.6783,-1.9306
11048,0.2415,0.3149,10.0729,0.1688,1.4342,-12.5630,1.0388,-9.6890,-1.9007
11056,0.2420,0.2454,10.2087,0.2543,1.6280,-13.1862,1.0785,-9.7035,-1.8700
11064,0.1528,0.2441,10.2697,0.0587,1.7574,-13.4461,1.1180,-9.7178,-1.8394
11072,0.0793,0.2739,10.2415,-0.0003,1.5478,-13.9373,1.1572,-9.7321,-1.8090
11080,-0.0195,0.2343,10.2774,0.1966,1.7367,-14.4390,1.1957,-9.7467,-1.7721
11088,-0.0342,0.2499,10.3150,0.1343,1.6827,-14.3748,1.2374,-9.7651,-1.7344
11096,-0.0785,0.3306,10.1422,0.1546,1.8470,-13.8654,1.2784,-9.7838,-1.6926
11104,-0.0079,0.4259,10.2013,0.1288,1.8842,-13.5436,1.3196,-9.8029,-1.6400
11112,-0.0397,0.4179,10.1864,0.2774,2.2503,-12.2759,1.3606,-9.8218,-1.5877
11120,0.0149,0.6297,10.2230,0.3155,2.5045,-11.0876,1.4076,-9.8420,-1.5357
11128,-0.1525,0.4797,10.1419,0.4399,2.5316,-10.1273,1.4552,-9.8573,-1.4818
11136,-0.2347,0.2981,10.0420,0.5056,2.6028,-9.2090,1.5065,-9.8733,-1.4233
11144,-0.2681,0.3500,9.9680,0.3070,2.1215,-8.4989,1.5607,-9.8845,-1.3585
11152,-0.2323,0.1255,10.0669,0.3412,2.1467,-7.7051,1.6147,-9.8955,-1.2942
11160,-0.2646,-0.0111,10.0138,0.4938,1.8400,-6.8154,1.6683,-9.9064,-1.2303
11168,-0.2282,0.0539,10.0582,0.5038,1.8028,-6.1219,1.7287,-9.9133,-1.1596
11176,-0.2181,0.1896,10.0219,0.2626,1.6979,-5.8135,1.7888,-9.9201,-1.0894
11184,-0.1952,0.2187,10.0815,0.2187,1.4162,-5.8011,1.8566,-9.9269,-1.0188
11192,-0.1787,0.1442,10.0497,0.2301,1.3656,-6.1173,1.9240,-9.9335,-0.9486
11200,-0.1887,0.1430,9.9773,0.0036,1.4504,-6.5477,1.9910,-9.9400,-0.8790
11208,-0.2042,0.0056,9.9582,0.2403,1.6782,-6.7113,2.0623,-9.9431,-0.7992
11216,-0.2073,-0.0987,9.9688,0.6320,1.6241,-6.7104,2.1364,-9.9407,-0.7176
11224,-0.1672,-0.0500,9.9327,0.5799,1.9297,-6.6615,2.2101,-9.9384,-0.6366
11232,-0.1584,-0.1612,9.9024,0.5888,1.6459,-6.8014,2.2943,-9.9359,-0.5548
11240,-0.1435,-0.4518,9.9351,0.7573,1.7158,-6.7939,2.3783,-9.9291,-0.4730
11248,-0.1346,-0.5654,9.8845,0.5771,1.6733,-6.5093,2.4666,-9.9198,-0.3909
11256,-0.1593,-0.7793,9.9071,0.5781,1.5394,-6.3066,2.5567,-9.9094,-0.3093
11264,-0.1858,-0.9105,9.8901,0.2697,1.9153,-6.3207,2.6461,-9.8991,-0.2283
11272,-0.2521,-1.2496,9.8953,0.3801,1.9122,-5.9582,2.7407,-9.8801,-0.1455
11280,-0.2096,-1.3238,9.9938,0.1044,2.0531,-5.4835,2.8374,-9.8653,-0.0638
11288,-0.2094,-1.2360,10.0018,0.2941,1.9159,-5.3523,2.9335,-9.8506,0.0174
11296,-0.2325,-1.2358,9.9936,0.2968,1.8594,-5.1041,3.0389,-9.8339,0.0984
11304,-0.2033,-1.0971,9.9562,0.1580,1.7973,-4.5282,3.1436,-9.8172,0.1789
11312,-0.1500,-1.1338,9.9578,0.1880,1.7246,-4.0041,3.2475,-9.8006,0.2588
11320,-0.1249,-0.9889,9.9838,0.2087,1.7725,-3.7269,3.3583,-9.7795,0.3377
11328,-0.0777,-0.8355,9.9400,0.2125,1.4529,-3.4378,3.4707,-9.7546,0.4112
11336,-0.0304,-0.7295,9.9135,0.4107,1.1713,-3.5800,3.5876,-9.7245,0.4919
11344,-0.0377,-0.7665,9.8463,0.1550,1.1126,-3.7534,3.7036,-9.6944,0.5720
11352,-0.0220,-0.7245,9.8784,0.2198,1.1179,-3.9645,3.8303,-9.6633,0.6462
11360,-0.0087,-0.6996,9.8437,0.1564,1.1336,-4.3077,3.9599,-9.6343,0.7204
11368,-0.0322,-0.5728,9.7458,0.0558,1.2046,-4.2785,4.0923,-9.6067,0.7931
11376,-0.1036,-0.7723,9.8444,0.0343,1.2032,-3.9973,4.2276,-9.5748,0.8633
11384,-0.1563,-0.7985,9.7901,0.0003,0.9538,-3.9311,4.3618,-9.5429,0.9331
11392,-0.1853,-0.6222,9.7187,-0.0988,0.7714,-3.4678,4.5018,-9.5092,1.0018
11400,-0.1683,-0.4681,9.7279,0.4331,0.9035,-3.1340,4.6489,-9.4770,1.0748
11408,-0.1634,-0.3961,9.6815,0.6031,0.7393,-3.1749,4.7973,-9.4506,1.1473
11416,-0.1781,-0.3182,9.7926,0.7389,0.8009,-3.1046,4.9445,-9.4242,1.2193
11424,-0.1814,-0.1885,9.8143,0.0475,0.6144,-2.8961,5.0907,-9.3979,1.2908
11432,-0.1885,-0.1937,9.8017,0.1117,0.4202,-2.7740,5.2539,-9.3687,1.3589
11440,-0.2227,-0.1546,9.7997,0.3490,0.7064,-2.6333,5.4160,-9.3395,1.4265
11448,-0.2654,-0.1981,9.8682,0.2933,0.4281,-2.2614,5.5892,-9.3075,1.4941
11456,-0.2654,-0.2388,9.9355,0.3520,0.4766,-2.5244,5.7611,-9.2756,1.5612
11464,-0.3647,-0.1890,9.8621,0.4722,0.0883,-2.2586,5.9385,-9.2379,1.6293
11472,-0.3953,-0.0967,9.8800,0.5418,0.0291,-1.4524,6.1254,-9.2023,1.7012
11480,-0.4367,0.0853,9.7677,0.6723,0.2204,-0.8841,6.3205,-9.1642,1.7693
11488,-0.4017,0.2686,9.7098,0.8398,-0.2473,-0.4501,6.5247,-9.1287,1.8369
11496,-0.3764,0.2796,9.7877,0.3573,-0.3479,-0.4483,6.7273,-9.0933,1.9040
11504,-0.4182,0.2978,9.8017,0.5413,-0.4495,-0.3266,6.9350,-9.0497,1.9697
11512,-0.3408,0.3256,9.6927,1.0185,-0.3252,-0.2822,7.1565,-9.0077,2.0364
11520,-0.3131,0.5221,9.6775,1.0642,-0.2891,-0.2745,7.3872,-8.9590,2.1022
11528,-0.2639,0.6306,9.6095,1.1185,-0.3825,-0.8084,7.6276,-8.9071,2.1655
11536,-0.2099,0.6500,9.7662,0.9918,-0.6052,-1.0416,7.8662,-8.8553,2.2285
11544,-0.2661,0.7040,9.6888,1.0200,-0.4528,-1.7420,8.1129,-8.8046,2.2890
11552,-0.2378,0.6627,9.7801,1.0470,-0.1818,-1.9157,8.3578,-8.7540,2.3492
11560,-0.1657,0.5820,9.8390,1.0834,0.1548,-1.9272,8.6232,-8.6973,2.4113
11568,-0.1205,0.6621,9.8185,1.0010,0.0419,-2.6208,8.8866,-8.6408,2.4730
11576,-0.0710,0.5737,9.8838,1.2127,0.0887,-3.1187,9.1480,-8.5843,2.5342
11584,-0.0826,0.3585,9.8431,0.7006,0.0081,-3.5522,9.4307,-8.5266,2.5893
11592,-0.1515,0.3118,9.8345,0.8589,0.5656,-3.7908,9.7208,-8.4705,2.6344
11600,-0.1987,0.2827,9.7748,0.9675,1.1148,-3.3069,10.0158,-8.4169,2.6805
11608,-0.2174,0.2223,9.8533,1.0821,1.0293,-3.6656,10.3085,-8.3634,2.7263
11616,-0.2365,0.1967,9.8916,1.2184,1.2649,-4.2325,10.6013,-8.3076,2.7703
11624,-0.2237,0.0456,9.9440,1.2073,0.8848,-3.5027,10.8967,-8.2496,2.8164
11632,-0.2272,-0.0771,9.9021,1.3914,0.3667,-2.8367,11.1912,-8.1884,2.8591
11640,-0.2167,-0.1976,9.7822,1.2155,0.6046,-2.3626,11.4801,-8.1351,2.9016
11648,-0.2154,-0.3549,9.8068,1.3805,0.8667,-1.8665,11.7667,-8.0818,2.9437
11656,-0.2019,-0.2850,9.6951,1.1731,1.1894,-1.4962,12.0463,-8.0234,2.9855
11664,-0.1647,-0.2942,9.7375,1.6040,1.3086,-0.8566,12.3237,-7.9652,3.0269
11672,-0.1752,-0.3217,9.7585,1.2774,1.1027,-1.1784,12.5894,-7.9071,3.0680
11680,-0.1783,-0.2745,9.7762,0.9438,0.7804,-1.5741,12.8530,-7.8492,3.1087
11688,-0.2134,-0.3262,9.8222,1.2567,0.8908,-1.2245,13.1144,-7.7914,3.1492
11696,-0.2726,-0.3310,9.8576,1.1587,0.8524,-1.0902,13.3623,-7.7289,3.1883
11704,-0.2559,-0.4383,9.8590,1.2542,1.1037,-0.6471,13.6082,-7.6667,3.2272
11712,-0.3497,-0.5778,9.8498,0.6789,0.6401,0.2992,13.8281,-7.6060,3.2681
11720,-0.3809,-0.7623,9.8747,0.4862,0.4767,1.1909,14.0332,-7.5503,3.3087
11728,-0.3690,-0.7151,9.8745,0.3658,0.4537,1.6089,14.2364,-7.4947,3.3451
11736,-0.3117,-0.7690,9.9317,1.0267,0.8638,2.3126,14.4283,-7.4355,3.3793
11744,-0.2567,-0.5158,9.9471,0.8374,0.6906,2.9535,14.6059,-7.3759,3.4138
11752,-0.2243,-0.3286,9.9254,0.7363,0.4450,3.0678,14.7707,-7.3145,3.4450
11760,-0.1672,-0.2494,9.9873,1.0450,0.6395,3.0704,14.9339,-7.2534,3.4760
11768,-0.2079,-0.0652,10.0115,1.2042,0.4441,2.3635,15.0835,-7.1924,3.5076
11776,-0.1733,-0.1017,9.9750,1.3351,0.6093,1.8716,15.2191,-7.1344,3.5352
11784,-0.1647,-0.1365,9.9493,1.6869,0.5619,1.7531,15.3444,-7.0785,3.5663
11792,-0.1456,-0.1393,10.0463,1.9780,0.4339,0.8906,15.4684,-7.0227,3.5971
11800,-0.1392,-0.1596,9.9988,1.8191,0.7195,0.3404,15.5908,-6.9671,3.6277
11808,-0.1152,-0.2154,10.0397,1.9418,0.6966,-0.7857,15.6902,-6.9083,3.6546
11816,-0.1108,-0.3970,10.0160,1.8058,0.6267,-1.1293,15.7883,-6.8496,3.6813
11824,-0.1524,-0.6442,10.0753,1.6997,0.5652,-1.8018,15.8668,-6.7954,3.7092
11832,-0.1353,-0.6716,10.0145,1.4036,0.7198,-1.7356,15.9440,-6.7414,3.7369
11840,-0.0967,-0.7288,10.0110,1.2938,0.5422,-1.9416,16.0200,-6.6875,3.7642
11848,-0.1227,-0.8925,10.0279,1.1674,0.2791,-2.1012,16.0779,-6.6323,3.7914
11856,-0.1636,-0.8826,10.0382,1.2919,0.1955,-2.2113,16.1270,-6.5801,3.8168
11864,-0.0963,-0.8746,10.0466,1.3470,0.4462,-1.9565,16.1707,-6.5257,3.8430
11872,0.0193,-0.8746,10.1125,1.2370,0.1819,-1.6728,16.2022,-6.4752,3.8713
11880,0.0127,-0.9844,10.0878,1.0625,0.0892,-1.6363,16.2327,-6.4249,3.8994
11888,0.0163,-0.9963,10.1020,0.9916,0.1126,-1.3373,16.2621,-6.3771,3.9225
11896,0.0014,-0.9574,10.0733,0.9931,0.1936,-0.6327,16.2799,-6.3232,3.9453
11904,-0.0185,-0.8612,10.0287,1.0212,0.0577,-0.6363,16.2973,-6.2690,3.9650
11912,0.0200,-0.7363,9.9496,1.1788,-0.1202,-0.3437,16.3026,-6.2144,3.9874
11920,-0.0117,-0.6703,9.9282,1.0015,-0.1597,-0.4613,16.3070,-6.1600,4.0096
11928,-0.0450,-0.6533,9.9028,1.2052,-0.1282,-0.9817,16.3105,-6.1057,4.0316
11936,-0.1142,-0.7978,9.8676,0.9654,-0.0366,-1.0340,16.3064,-6.0535,4.0552
11944,-0.0821,-0.8120,9.8453,0.9041,-0.0504,-0.7800,16.3014,-6.0014,4.0787
11952,-0.0959,-0.8284,9.8420,0.8775,-0.0823,-0.5852,16.2955,-5.9495,4.1019
11960,-0.1452,-0.7531,9.7502,0.6920,-0.0781,-0.2495,16.2840,-5.8987,4.1225
11968,-0.2058,-0.7538,9.7527,0.4266,-0.3061,0.0075,16.2717,-5.8480,4.1430
11976,-0.2097,-0.7790,9.7750,0.3729,-0.0148,0.5386,16.2523,-5.7979,4.1613
11984,-0.1758,-0.5362,9.7775,0.1028,-0.3522,1.1291,16.2293,-5.7437,4.1803
11992,-0.1565,-0.4386,9.8535,0.1139,-0.2163,1.5738,16.2056,-5.6896,4.1992
12000,-0.1063,-0.3471,9.8726,-0.0195,-0.1262,1.9937,16.1782,-5.6366,4.2184
12008,-0.1196,-0.2183,9.8097,-0.0324,-0.4268,2.2566,16.1500,-5.5785,4.2397
12016,-0.0988,-0.0566,9.8467,-0.1328,-0.5462,2.4947,16.1164,-5.5258,4.2585
12024,-0.1187,0.0778,9.8145,-0.1568,-0.5297,2.4796,16.0778,-5.4751,4.2776
12032,-0.1295,0.1238,9.8251,-0.2437,-0.8473,2.4013,16.0385,-5.4247,4.2965
12040,-0.1365,0.1732,9.8000,-0.4628,-0.9190,2.8144,15.9966,-5.3710,4.3180
12048,-0.1305,0.0763,9.8000,-0.4136,-0.9769,2.6574,15.9536,-5.3179,4.3389
12056,-0.1720,0.0801,9.7322,-0.2066,-1.0216,2.3926,15.9100,-5.2650,4.3596
12064,-0.1549,0.0676,9.8303,-0.3074,-0.7470,2.3580,15.8600,-5.2112,4.3825
12072,-0.1281,0.2225,9.8175,-0.6277,-1.1217,1.8423,15.8094,-5.1577,4.4052
12080,-0.1357,0.2726,9.7571,-0.6967,-1.0534,0.8799,15.7583,-5.1042,4.4278
12088,-0.1589,0.1680,9.7631,-0.4827,-1.0841,0.1328,15.6989,-5.0505,4.4482
12096,-0.1157,0.1002,9.7680,-0.4353,-1.0174,-0.6429,15.6390,-4.9968,4.4684
12104,-0.1618,0.0503,9.7935,-0.1394,-0.7457,-1.2514,15.5718,-4.9448,4.4846
12112,-0.1708,0.0438,9.8119,-0.4004,-0.7631,-1.8919,15.5042,-4.8929,4.5007
12120,-0.1547,0.1591,9.7863,-0.3726,-0.8865,-2.2350,15.4341,-4.8407,4.5156
12128,-0.1347,-0.2258,10.1160,-0.5221,-0.6045,-2.8645,15.3602,-4.7839,4.5352
12136,-0.1772,-0.3508,10.0036,-0.4490,-0.3028,-2.9412,15.2893,-4.7320,4.5465
12144,-0.2516,-0.4908,9.9793,-0.2832,-0.2143,-3.2198,15.2097,-4.6778,4.5648
12152,-0.2010,-0.6791,9.9655,-0.4126,-0.1404,-3.2276,15.1297,-4.6238,4.5829
12160,-0.2217,-0.6599,9.9480,-0.3123,-0.3283,-2.8483,15.0512,-4.5719,4.6004
12168,-0.1552,-0.7924,9.9627,-0.3551,-0.3320,-2.2297,14.9656,-4.5220,4.6182
12176,-0.1616,-0.8207,9.9104,-0.4280,-0.6022,-1.6488,14.8786,-4.4685,4.6367
12184,-0.1323,-0.6469,9.8981,-0.3377,-0.6046,-1.0879,14.7913,-4.4151,4.6552
12192,-0.0684,-0.5497,9.9071,-0.2594,-0.5963,-0.3569,14.7036,-4.3619,4.6734
12200,-0.0461,-0.5565,9.8906,-0.1258,-0.6816,-0.4179,14.6136,-4.3083,4.6901
12208,-0.0406,-0.4920,9.8866,-0.1634,-0.6752,-0.3429,14.5233,-4.2549,4.7066
12216,-0.0187,-0.4378,9.9035,-0.0953,-0.5864,-0.5458,14.4317,-4.2017,4.7230
12224,-0.0722,-0.4775,9.8905,-0.2409,-0.4882,-0.5852,14.3398,-4.1486,4.7392
12232,-0.0700,-0.4301,9.8811,-0.1935,-0.5169,-1.1721,14.2475,-4.0956,4.7552
12240,-0.0882,-0.2861,9.8060,-0.3375,-0.4857,-1.3121,14.1502,-4.0452,4.7745
12248,-0.0886,-0.3576,9.8119,-0.5471,-0.4906,-1.7233,14.0525,-3.9911,4.7888
12256,-0.1009,-0.3759,9.8450,-0.5850,-0.3005,-1.8765,13.9527,-3.9353,4.8025
12264,-0.0760,-0.3477,9.8494,-0.7065,-0.1561,-1.7990,13.8526,-3.8797,4.8161
12272,-0.0698,-0.3350,9.8762,-0.8254,-0.0314,-1.7596,13.7527,-3.8251,4.8276
12280,-0.0492,-0.2971,9.8959,-1.0457,-0.0214,-1.7672,13.6544,-3.7698,4.8442
12288,-0.0247,-0.2177,9.9210,-1.1897,0.1347,-2.1025,13.5507,-3.7190,4.8602
12296,-0.0703,-0.1203,9.9378,-1.1408,0.1001,-2.5592,13.4486,-3.6569,4.8780
12304,-0.0579,-0.0773,9.9353,-1.0007,0.2003,-2.8385,13.3463,-3.5950,4.8957
12312,-0.1113,-0.0375,9.8960,-0.8960,0.2855,-3.2176,13.2380,-3.5414,4.9112
12320,-0.0681,-0.1317,9.9088,-0.8119,0.3296,-3.6228,13.1296,-3.4881,4.9267
12328,-0.1251,-0.1614,9.9245,-0.8142,0.5077,-3.4236,13.0180,-3.4363,4.9391
12336,-0.1198,-0.2885,9.9724,-0.9604,0.3955,-3.3798,12.9063,-3.3848,4.9515
12344,-0.1063,-0.4026,9.9420,-0.8575,0.4988,-3.1139,12.7944,-3.3335,4.9637
12352,-0.1424,-0.5440,9.9609,-1.0124,0.4722,-2.4810,12.6814,-3.2775,4.9767
12360,-0.1194,-0.7049,9.9443,-1.0672,0.5695,-1.6731,12.5682,-3.2218,4.9896
12368,-0.1083,-0.7907,9.9625,-1.0876,0.6598,-0.9298,12.4525,-3.1653,5.0038
12376,-0.0271,-0.6461,9.9339,-0.8939,0.7835,-0.1124,12.3367,-3.1091,5.0179
12384,-0.0042,-0.5217,9.9249,-1.0445,0.6565,0.5732,12.2226,-3.0549,5.0314
12392,-0.0313,-0.4901,9.9117,-0.9459,0.7911,0.9222,12.1093,-2.9934,5.0376
12400,-0.0390,-0.4889,9.9230,-0.7904,0.7304,1.5493,11.9930,-2.9401,5.0489
12408,-0.0774,-0.5129,9.9546,-0.9456,0.5737,2.2450,11.8776,-2.8880,5.0568
12416,-0.1964,-0.4845,9.9159,-1.0753,0.4425,2.4595,11.7620,-2.8361,5.0646
12424,-0.1364,-0.3585,9.9231,-1.0767,0.2931,2.9020,11.6464,-2.7821,5.0742
12432,-0.1382,-0.2387,9.8536,-0.8754,0.4569,3.3999,11.5306,-2.7273,5.0818
12440,-0.2008,-0.3096,9.8267,-0.9042,0.5148,3.9319,11.4118,-2.6684,5.0907
12448,-0.2994,-0.2195,9.6853,-0.8971,0.4155,4.5607,11.2930,-2.6097,5.0995
12456,-0.2606,-0.1629,9.7072,-0.8716,0.3740,4.9407,11.1741,-2.5512,5.1082
12464,-0.2620,-0.1373,9.7398,-0.7646,0.1929,5.2053,11.0551,-2.4939,5.1145
12472,-0.2327,-0.1054,9.7679,-0.6863,0.1184,5.1278,10.9360,-2.4369,5.1206
12480,-0.2367,-0.0993,9.7706,-0.6700,0.1724,4.8883,10.8150,-2.3781,5.1252
12488,-0.1961,0.0086,9.7844,-0.5398,-0.0399,4.6273,10.6939,-2.3195,5.1298
12496,-0.2282,-0.8498,9.6361,-1.0927,-0.1922,4.9376,10.5761,-2.2546,5.1394
12504,-0.2126,-0.7770,9.6600,-1.1653,-0.1379,4.6958,10.4558,-2.1975,5.1466
12512,-0.2167,-0.7052,9.6866,-1.1281,-0.2272,4.5979,10.3360,-2.1459,5.1533
12520,-0.1995,-0.6435,9.7102,-1.2712,-0.1527,4.5949,10.2128,-2.0874,5.1617
12528,-0.2048,-0.5962,9.7211,-1.2400,-0.2255,4.4267,10.0895,-2.0291,5.1701
12536,-0.1960,-0.5458,9.7346,-1.1996,-0.2897,4.3432,9.9653,-1.9715,5.1779
12544,-0.2039,-0.5101,9.7399,-1.0969,-0.2764,4.3220,9.8430,-1.9185,5.1841
12552,-0.1902,-0.4637,9.7430,-1.0467,-0.2371,4.1737,9.7206,-1.8648,5.1903
12560,-0.1946,-0.4427,9.7421,-0.9640,-0.2261,4.1386,9.5982,-1.8136,5.1964
12568,-0.2009,-0.4132,9.7559,-0.9516,-0.2316,4.0757,9.4759,-1.7627,5.2024
12576,-0.2061,-0.3879,9.7588,-0.8544,-0.1729,3.9595,9.3554,-1.7086,5.2074
12584,-0.2044,-0.3682,9.7641,-0.7535,-0.2181,3.7178,9.2349,-1.6548,5.2123
12592,-0.1970,-0.3467,9.7795,-0.6970,-0.1040,3.6066,9.1120,-1.6036,5.2172
12600,-0.1862,-0.3240,9.7874,-0.6829,-0.2375,3.4416,8.9891,-1.5526,5.2219
12608,-0.1928,-0.3122,9.7846,-0.6135,-0.2052,3.2359,8.8663,-1.5018,5.2266
12616,-0.1728,-0.2915,9.7875,-0.5951,-0.2543,3.1698,8.7434,-1.4513,5.2335
12624,-0.1770,-0.2691,9.7787,-0.5909,-0.3119,2.9919,8.6187,-1.3995,5.2366
12632,-0.1763,-0.2620,9.7813,-0.5415,-0.1937,2.8992,8.4959,-1.3437,5.2425
12640,-0.1707,-0.2443,9.7827,-0.5182,-0.1767,2.6665,8.3731,-1.2890,5.2493
12648,-0.1860,-0.2345,9.7880,-0.4747,-0.1683,2.5133,8.2503,-1.2346,5.2559
12656,-0.1949,-0.2226,9.8084,-0.4917,-0.3124,2.3881,8.1300,-1.1827,5.2625
12664,-0.1816,-0.2108,9.8167,-0.4759,-0.3168,2.3031,8.0125,-1.1344,5.2695
12672,-0.1759,-0.2120,9.8189,-0.4049,-0.2864,2.2325,7.8875,-1.0821,5.2712
12680,-0.1766,-0.2068,9.8272,-0.3156,-0.1479,2.1196,7.7625,-1.0299,5.2728
12688,-0.1805,-0.2120,9.8205,-0.3396,-0.1089,1.9716,7.6437,-0.9784,5.2786
12696,-0.1849,-0.1963,9.8118,-0.2692,-0.0742,1.8942,7.5250,-0.9272,5.2844
12704,-0.1825,-0.1980,9.8039,-0.2898,0.0016,1.6627,7.4040,-0.8776,5.2910
12712,-0.1790,-0.1813,9.8096,-0.3176,-0.0405,1.5935,7.2829,-0.8282,5.2976
12720,-0.1881,-0.1858,9.8096,-0.2908,-0.0488,1.5512,7.1620,-0.7789,5.3041
12728,-0.1886,-0.1657,9.8179,-0.2732,-0.1208,1.4654,7.0382,-0.7266,5.3053
12736,-0.1841,-0.1648,9.8254,-0.3550,-0.1922,1.4768,6.9145,-0.6745,5.3064
12744,-0.1736,-0.1622,9.8294,-0.4732,-0.2686,1.3889,6.7933,-0.6264,5.3075
12752,-0.1750,-0.1585,9.8321,-0.5356,-0.3362,1.1929,6.6717,-0.5804,5.3119
12760,-0.1686,-0.1569,9.8515,-0.7553,-0.4036,1.1202,6.5501,-0.5345,5.3161
12768,-0.1673,-0.1656,9.8480,-0.9014,-0.4200,1.0186,6.4295,-0.4875,5.3132
12776,-0.1557,-0.1779,9.8380,-1.0864,-0.4997,1.0602,6.3072,-0.4430,5.3160
12784,-0.0832,-0.2975,9.8400,-1.1006,-0.5386,1.2759,6.1834,-0.3954,5.3187
12792,-0.0969,-0.2873,9.8563,-1.1063,-0.5705,1.4182,6.0651,-0.3484,5.3161
12800,-0.1070,-0.2744,9.8455,-1.0983,-0.6196,1.4182,5.9467,-0.3017,5.3135
12808,-0.0856,-0.2140,9.8586,-1.0641,-0.5946,1.0396,5.8280,-0.2555,5.3103
12816,-0.0685,-0.1293,9.8626,-1.0366,-0.6213,0.6563,5.7075,-0.2068,5.3090
12824,-0.0531,-0.1733,9.8349,-1.0291,-0.5776,0.5510,5.5871,-0.1582,5.3077
12832,-0.0514,-0.1767,9.8435,-0.9338,-0.4957,0.5223,5.4696,-0.1151,5.3035
12840,-0.0676,-0.1716,9.8535,-0.9174,-0.4975,0.6015,5.3522,-0.0721,5.2993
12848,-0.0673,-0.1666,9.8494,-0.8297,-0.4005,0.5307,5.2349,-0.0293,5.2950
12856,-0.0711,-0.1611,9.8525,-0.8446,-0.3637,0.4229,5.1148,0.0138,5.2954
12864,-0.0777,-0.1629,9.8512,-0.7707,-0.3472,0.4291,4.9948,0.0567,5.2958
12872,-0.0810,-0.1605,9.8469,-0.7508,-0.3821,0.4511,4.8755,0.0990,5.2995
12880,-0.0817,-0.1597,9.8512,-0.6544,-0.3195,0.4268,4.7562,0.1411,5.3031
12888,-0.0996,-0.1516,9.8614,-0.6342,-0.4116,0.3582,4.6328,0.1863,5.3043
12896,-0.1058,-0.1557,9.8615,-0.5856,-0.4490,0.2606,4.5161,0.2305,5.3017
12904,-0.1209,-0.1677,9.8512,-0.5311,-0.5194,0.1407,4.3996,0.2730,5.3004
12912,-0.1388,-0.1634,9.8441,-0.5349,-0.3601,-0.0434,4.2831,0.3153,5.2991
12920,-0.1403,-0.1578,9.8400,-0.5306,-0.3278,-0.0914,4.1625,0.3528,5.3002
12928,-0.1536,-0.1576,9.8281,-0.5239,-0.3422,-0.1480,4.0454,0.3986,5.2998
12936,-0.1569,-0.1548,9.8214,-0.4641,-0.4387,-0.1381,3.9241,0.4414,5.2988
12944,-0.1540,-0.1568,9.8158,-0.4922,-0.3816,-0.0646,3.8053,0.4864,5.2988
12952,-0.1619,-0.1595,9.8143,-0.4471,-0.3749,-0.1971,3.6867,0.5312,5.2987
12960,-0.1530,-0.1629,9.8089,-0.4653,-0.2753,-0.2944,3.5681,0.5759,5.2986
12968,-0.1496,-0.1723,9.8091,-0.4321,-0.2440,-0.2727,3.4469,0.6137,5.2937
12976,-0.1524,-0.1708,9.8014,-0.4030,-0.2194,-0.3881,3.3258,0.6513,5.2888
12984,-0.1599,-0.1663,9.8100,-0.4018,-0.2466,-0.2343,3.2067,0.6941,5.2901
12992,-0.1663,-0.1489,9.8073,-0.4753,-0.2565,-0.1807,3.0878,0.7366,5.2913
13000,-0.1598,-0.1447,9.8167,-0.4256,-0.2554,-0.0787,2.9691,0.7790,5.2924
13008,-0.1671,-0.1435,9.8079,-0.3941,-0.2756,-0.0478,2.8500,0.8122,5.2931
13016,-0.1750,-0.1429,9.8090,-0.3906,-0.2977,-0.0610,2.7315,0.8505,5.2918
13024,-0.1654,-0.1442,9.8151,-0.3127,-0.2707,-0.0096,2.6132,0.8915,5.2880
13032,-0.1617,-0.1327,9.8315,-0.3741,-0.2770,0.0423,2.4951,0.9324,5.2843
13040,-0.1588,-0.1395,9.8245,-0.3235,-0.2189,0.0918,2.3794,0.9702,5.2863
13048,-0.1612,-0.1457,9.8290,-0.3658,-0.2701,0.0939,2.2602,1.0117,5.2858
13056,-0.1733,-0.1513,9.8318,-0.3369,-0.2817,0.0506,2.1448,1.0544,5.2834
13064,-0.1661,-0.1495,9.8398,-0.2266,-0.1941,-0.0656,2.0273,1.0955,5.2795
13072,-0.1733,-0.1415,9.8365,-0.1904,-0.1904,-0.0806,1.9099,1.1365,5.2757
13080,-0.1738,-0.1379,9.8327,-0.2545,-0.1095,-0.1857,1.7908,1.1745,5.2713
13088,-0.1739,-0.1297,9.8328,-0.1745,-0.0881,-0.1581,1.6719,1.2123,5.2669
13096,-0.1744,-0.1354,9.8311,-0.2340,-0.0357,-0.2811,1.5521,1.2509,5.2615
13104,-0.1739,-0.1384,9.8264,-0.2029,-0.1242,-0.1774,1.4326,1.2894,5.2562
13112,-0.1844,-0.1437,9.8335,-0.1918,-0.2115,-0.2462,1.3132,1.3277,5.2508
13120,-0.1930,-0.1368,9.8372,-0.0505,-0.2657,-0.2907,1.2002,1.3669,5.2468
13128,-0.1908,-0.1423,9.8420,-0.0780,-0.1975,-0.4106,1.0873,1.4058,5.2428
13136,-0.1828,-0.1455,9.8412,-0.1124,-0.2656,-0.4079,0.9699,1.4432,5.2402
13144,-0.1725,-0.1415,9.8447,-0.1186,-0.3120,-0.3146,0.8526,1.4805,5.2376
13152,-0.1754,-0.1393,9.8309,-0.0952,-0.3298,-0.4254,0.7365,1.5147,5.2354
13160,-0.1734,-0.1323,9.8413,-0.0754,-0.3121,-0.3394,0.6234,1.5503,5.2337
13168,-0.1703,-0.1360,9.8401,-0.0432,-0.3139,-0.3985,0.5067,1.5885,5.2310
13176,-0.1639,-0.1270,9.8359,-0.0311,-0.3582,-0.2950,0.3920,1.6233,5.2297
13184,-0.1630,-0.1339,9.8385,-0.0915,-0.2967,-0.2173,0.2775,1.6580,5.2284
13192,-0.1554,-0.1292,9.8349,-0.0266,-0.2724,-0.1431,0.1613,1.6944,5.2266
13200,-0.1554,-0.1182,9.8321,-0.0099,-0.2493,-0.2454,0.0439,1.7311,5.2220
13208,-0.1467,-0.1328,9.8442,-0.0286,-0.2431,-0.2366,-0.0676,1.7692,5.2220
13216,-0.1389,-0.1405,9.8332,-0.0597,-0.1199,-0.3135,-0.1790,1.8070,5.2220
13224,-0.1482,-0.1311,9.8301,-0.0442,-0.0794,-0.2617,-0.2901,1.8448,5.2220
13232,-0.1479,-0.1358,9.8255,-0.1121,-0.1180,-0.2602,-0.4030,1.8791,5.2211
13240,-0.1399,-0.1423,9.8227,-0.2196,-0.0883,-0.2427,-0.5157,1.9132,5.2201
13248,-0.1450,-0.1482,9.8233,-0.1944,0.0149,-0.3593,-0.6268,1.9501,5.2181
13256,-0.1610,-0.1591,9.8180,-0.1810,-0.0065,-0.3535,-0.7377,1.9868,5.2161
13264,-0.1527,-0.1575,9.8118,-0.2029,-0.0430,-0.3666,-0.8485,2.0233,5.2141
13272,-0.1352,-0.1697,9.8212,-0.1998,-0.0485,-0.2539,-0.9638,2.0560,5.2097
13280,-0.1371,-0.1625,9.8147,-0.1328,-0.0992,-0.1460,-1.0770,2.0966,5.2072
13288,-0.1456,-0.1651,9.8147,-0.1114,-0.1129,-0.0242,-1.1857,2.1294,5.2056
13296,-0.1484,-0.1666,9.8102,-0.1363,-0.1394,0.0416,-1.2942,2.1621,5.2040
13304,-0.1554,-0.1688,9.8130,-0.1041,-0.0607,0.0432,-1.4049,2.1961,5.1990
13312,-0.1713,-0.1645,9.8095,-0.0387,0.0385,0.0874,-1.5197,2.2324,5.1997
13320,-0.1784,-0.1528,9.8032,-0.0694,0.0348,0.0683,-1.6319,2.2709,5.1971
13328,-0.1653,-0.1500,9.8084,-0.0482,0.0445,0.1941,-1.7425,2.3073,5.1916
13336,-0.1593,-0.1583,9.8077,-0.0545,0.1018,0.2824,-1.8529,2.3436,5.1861
13344,-0.1634,-0.1623,9.8084,0.0035,0.0553,0.2521,-1.9593,2.3822,5.1864
13352,-0.1595,-0.1681,9.8013,0.0535,-0.0265,0.1778,-2.0655,2.4206,5.1865
13360,-0.1477,-0.1679,9.8026,0.0641,-0.0328,0.2428,-2.1758,2.4560,5.1848
13368,-0.1434,-0.1586,9.8065,0.0502,0.0812,0.2783,-2.2859,2.4913,5.1830
13376,-0.1472,-0.1575,9.7969,0.0289,-0.0257,0.3042,-2.3957,2.5264,5.1812
13384,-0.1589,-0.1565,9.7927,0.0405,-0.0107,0.3396,-2.5059,2.5610,5.1799
13392,-0.1476,-0.1479,9.7985,0.0570,0.1397,0.2402,-2.6149,2.5963,5.1753
13400,-0.1319,-0.1391,9.7978,0.0807,0.1155,0.2064,-2.7213,2.6330,5.1763
13408,-0.1359,-0.1495,9.7994,0.0794,-0.0010,0.3048,-2.8299,2.6695,5.1773
13416,-0.1455,-0.1579,9.8064,0.0729,-0.0083,0.2869,-2.9383,2.7021,5.1749
13424,-0.1432,-0.1628,9.8081,0.0906,0.0593,0.2405,-3.0488,2.7369,5.1726
13432,-0.1480,-0.1585,9.8138,0.0435,0.0626,0.2334,-3.1596,2.7688,5.1683
13440,-0.1337,-0.1688,9.8103,-0.0362,0.0551,0.1359,-3.2669,2.8015,5.1678
13448,-0.1403,-0.1627,9.8166,-0.0510,0.0906,0.0774,-3.3739,2.8341,5.1673
13456,-0.1385,-0.1534,9.8197,-0.0412,-0.0034,0.0401,-3.4812,2.8660,5.1658
13464,-0.1487,-0.1610,9.8211,-0.0505,-0.1147,0.0444,-3.5898,2.8960,5.1653
13472,-0.1534,-0.1588,9.8137,-0.0567,-0.1171,-0.1168,-3.6948,2.9282,5.1647
13480,-0.1572,-0.1540,9.8129,-0.0387,-0.1327,-0.1616,-3.7996,2.9603,5.1642
13488,-0.1657,-0.1511,9.8163,-0.0348,-0.0596,-0.2311,-3.9041,2.9923,5.1636
13496,-0.1624,-0.1507,9.8175,-0.0710,-0.0884,-0.1589,-4.0066,3.0251,5.1587
13504,-0.1663,-0.1585,9.8128,-0.1110,-0.0307,-0.1272,-4.1089,3.0578,5.1538
13512,-0.1552,-0.1574,9.8121,-0.1226,-0.0634,-0.1396,-4.2143,3.0908,5.1532
13520,-0.1588,-0.1633,9.8092,-0.1097,-0.0254,-0.1007,-4.3152,3.1242,5.1516
13528,-0.1607,-0.1731,9.8065,-0.0946,-0.0743,-0.0795,-4.4159,3.1575,5.1500
13536,-0.1588,-0.1866,9.8069,-0.1176,-0.0705,-0.0940,-4.5212,3.1868,5.1451
13544,-0.1517,-0.1828,9.8013,-0.0942,-0.1202,-0.0891,-4.6314,3.2194,5.1387
13552,-0.1479,-0.1799,9.8140,-0.0692,-0.0183,-0.1805,-4.7372,3.2499,5.1361
13560,-0.1495,-0.1776,9.8150,-0.0533,0.0897,-0.2332,-4.8394,3.2818,5.1345
13568,-0.1523,-0.1684,9.8100,-0.0274,-0.0816,-0.2329,-4.9414,3.3135,5.1329
13576,-0.1498,-0.1713,9.8073,0.0187,-0.0801,-0.1739,-5.0451,3.3432,5.1322
13584,-0.1481,-0.1909,9.8112,-0.0039,-0.0254,-0.0189,-5.1500,3.3771,5.1286
13592,-0.1578,-0.1995,9.8143,-0.0121,-0.0797,-0.0920,-5.2546,3.4109,5.1250
13600,-0.1558,-0.1913,9.8076,-0.0600,-0.1209,-0.1112,-5.3586,3.4426,5.1195
13608,-0.1516,-0.1830,9.8169,0.0195,-0.1444,-0.1029,-5.4624,3.4743,5.1141
13616,-0.1387,-0.1786,9.8140,0.0395,-0.1428,-0.0737,-5.5659,3.5058,5.1086
13624,-0.1448,-0.1706,9.8100,0.0854,-0.1653,-0.0297,-5.6659,3.5372,5.1055
13632,-0.1385,-0.1779,9.8060,0.1505,-0.1922,0.0363,-5.7657,3.5685,5.1024
13640,-0.1387,-0.1805,9.7964,0.0235,-0.2045,0.0995,-5.8652,3.5996,5.0992
13648,-0.1280,-0.1800,9.7858,0.0194,-0.2803,0.1892,-5.9669,3.6293,5.0985
13656,-0.1274,-0.1810,9.7822,0.0101,-0.2328,0.1630,-6.0665,3.6597,5.0968
13664,-0.1359,-0.1791,9.7831,0.0946,-0.2647,0.2207,-6.1635,3.6863,5.0974
13672,-0.1519,-0.1751,9.7770,0.0073,-0.1645,0.1851,-6.2637,3.7175,5.0947
13680,-0.1522,-0.1729,9.7861,0.0279,-0.1061,0.2018,-6.3636,3.7486,5.0920
13688,-0.1552,-0.1718,9.7857,0.0182,-0.1435,0.3137,-6.4661,3.7839,5.0898
13696,-0.1502,-0.1626,9.7807,-0.0337,-0.1127,0.3194,-6.5665,3.8143,5.0852
13704,-0.1552,-0.1643,9.7854,0.0420,-0.1125,0.3675,-6.6667,3.8445,5.0844
13712,-0.1602,-0.1663,9.7809,0.1784,-0.1443,0.3122,-6.7710,3.8733,5.0788
13720,-0.1697,-0.1677,9.7792,0.0955,-0.1667,0.3686,-6.8750,3.9019,5.0732
13728,-0.1661,-0.1739,9.7812,0.0643,-0.2655,0.4492,-6.9787,3.9305,5.0677
13736,-0.1669,-0.1682,9.7849,0.0903,-0.2267,0.4650,-7.0761,3.9570,5.0626
13744,-0.1698,-0.1570,9.7960,0.0220,-0.1948,0.4961,-7.1732,3.9835,5.0575
13752,-0.1657,-0.1666,9.8051,0.0606,-0.1644,0.5445,-7.2735,4.0112,5.0548
13760,-0.1597,-0.1688,9.8151,0.0441,-0.2153,0.4601,-7.3735,4.0389,5.0521
13768,-0.1538,-0.1717,9.8160,0.0791,-0.1839,0.4301,-7.4733,4.0665,5.0493
13776,-0.1557,-0.1790,9.8164,0.1072,-0.1833,0.4013,-7.5743,4.0953,5.0442
13784,-0.1602,-0.1805,9.8213,0.0754,-0.1267,0.4352,-7.6750,4.1275,5.0424
13792,-0.1584,-0.1891,9.8212,0.0104,-0.1019,0.3743,-7.7727,4.1552,5.0416
13800,-0.1540,-0.1774,9.8238,0.0468,-0.1742,0.4146,-7.8701,4.1828,5.0408
13808,-0.1714,-0.1699,9.8211,0.0497,-0.2087,0.3546,-7.9664,4.2113,5.0356
13816,-0.1794,-0.1700,9.8210,-0.0089,-0.1830,0.4278,-8.0596,4.2401,5.0310
13824,-0.1839,-0.1596,9.8200,-0.0757,-0.1930,0.5779,-8.1592,4.2694,5.0282
13832,-0.1857,-0.1562,9.8154,-0.0568,-0.1680,0.6440,-8.2572,4.2985,5.0255
13840,-0.1778,-0.1539,9.8117,-0.0387,-0.0881,0.6326,-8.3549,4.3275,5.0227
13848,-0.1706,-0.1487,9.8075,-0.0348,-0.0276,0.5684,-8.4520,4.3545,5.0195
13856,-0.1646,-0.1499,9.8060,-0.0337,0.0782,0.6056,-8.5488,4.3814,5.0162
13864,-0.1505,-0.1547,9.8168,-0.0247,0.0567,0.5505,-8.6430,4.4082,5.0106
13872,-0.1532,-0.1644,9.8112,-0.0534,0.0894,0.5059,-8.7370,4.4350,5.0050
13880,-0.1557,-0.1760,9.8061,-0.0621,-0.0179,0.3752,-8.8307,4.4616,4.9994
13888,-0.1492,-0.1723,9.8047,-0.0439,-0.0192,0.2448,-8.9262,4.4900,4.9976
13896,-0.1571,-0.1826,9.7993,-0.0930,-0.1458,0.1896,-9.0214,4.5183,4.9958
13904,-0.1405,-0.1774,9.8017,-0.1161,-0.1495,0.2194,-9.1159,4.5471,4.9878
13912,-0.1428,-0.1745,9.8012,-0.1328,-0.1637,0.2585,-9.2102,4.5757,4.9798
13920,-0.1408,-0.1774,9.8143,-0.1221,-0.0066,0.2746,-9.3019,4.6070,4.9733
13928,-0.1435,-0.1863,9.8199,-0.1492,0.0396,0.2900,-9.3967,4.6307,4.9710
13936,-0.1423,-0.1776,9.8299,-0.0284,0.0145,0.4808,-9.4932,4.6547,4.9673
13944,-0.1422,-0.1697,9.8217,-0.0329,-0.1002,0.5112,-9.5903,4.6786,4.9646
13952,-0.1553,-0.1516,9.8160,-0.0666,-0.1353,0.5456,-9.6873,4.7025,4.9619
13960,-0.1671,-0.1584,9.8178,-0.0134,-0.1021,0.6664,-9.7835,4.7296,4.9596
13968,-0.1732,-0.1505,9.8225,0.0134,-0.0171,0.6114,-9.8776,4.7585,4.9545
13976,-0.1774,-0.1561,9.8232,0.0150,-0.0717,0.6467,-9.9686,4.7854,4.9513
13984,-0.1712,-0.1552,9.8247,0.0113,0.0147,0.6085,-10.0594,4.8122,4.9481
13992,-0.1774,-0.1681,9.8274,0.0210,0.0413,0.7027,-10.1500,4.8390,4.9448
14000,-0.1749,-0.1638,9.8258,-0.0123,0.0694,0.6940,-10.2403,4.8632,4.9426
14008,-0.1712,-0.1622,9.8316,0.0064,-0.0024,0.7311,-10.3305,4.8874,4.9403
14016,-0.1792,-0.1662,9.8296,-0.0343,0.0276,0.6492,-10.4209,4.9157,4.9376
14024,-0.1742,-0.1753,9.8186,-0.0972,0.0003,0.5549,-10.5110,4.9440,4.9348
14032,-0.1701,-0.1758,9.8210,-0.1121,0.0223,0.6060,-10.6010,4.9721,4.9321
14040,-0.1646,-0.1813,9.8341,-0.0916,0.0752,0.5936,-10.6945,4.9988,4.9270
14048,-0.1614,-0.1821,9.8387,-0.1467,0.0245,0.5391,-10.7887,5.0253,4.9242
14056,-0.1553,-0.1688,9.8337,-0.1487,0.0347,0.4496,-10.8832,5.0442,4.9186
14064,-0.1580,-0.1590,9.8365,-0.1427,0.0444,0.3400,-10.9774,5.0629,4.9130
14072,-0.1637,-0.1578,9.8326,-0.1102,0.0431,0.2752,-11.0652,5.0893,4.9094
14080,-0.1756,-0.1568,9.8287,-0.1191,0.0444,0.2293,-11.1528,5.1107,4.9114
14088,-0.1791,-0.1663,9.8283,-0.1357,0.0004,0.2493,-11.2402,5.1321,4.9039
14096,-0.1855,-0.1654,9.8225,-0.1462,-0.0497,0.3405,-11.3293,5.1587,4.8993
14104,-0.1954,-0.1687,9.8181,-0.1456,-0.1243,0.3317,-11.4181,5.1851,4.8947
14112,-0.1943,-0.1643,9.8256,-0.1930,-0.1182,0.4460,-11.5082,5.2086,4.8910
14120,-0.1892,-0.1704,9.8278,-0.1023,-0.0752,0.4779,-11.5980,5.2321,4.8873
14128,-0.1809,-0.1737,9.8348,-0.0716,-0.1806,0.4897,-11.6899,5.2568,4.8837
14136,-0.1762,-0.1761,9.8197,-0.0849,-0.1828,0.4664,-11.7817,5.2815,4.8800
14144,-0.1742,-0.1725,9.8152,-0.0923,-0.2435,0.5241,-11.8731,5.3061,4.8764
14152,-0.1583,-0.1714,9.8079,-0.0993,-0.2776,0.4273,-11.9625,5.3311,4.8741
14160,-0.1479,-0.1768,9.8035,-0.1568,-0.2009,0.4653,-12.0516,5.3560,4.8719
14168,-0.1491,-0.1804,9.7974,-0.1770,-0.1729,0.5097,-12.1377,5.3837,4.8683
14176,-0.1474,-0.1777,9.8072,-0.1510,-0.2154,0.4748,-12.2235,5.4112,4.8646
14184,-0.1417,-0.1734,9.8048,-0.1742,-0.2587,0.4362,-12.3129,5.4377,4.8619
14192,-0.1466,-0.1809,9.8017,-0.0977,-0.2495,0.5912,-12.4007,5.4628,4.8568
14200,-0.1456,-0.1827,9.8116,-0.0939,-0.2833,0.5581,-12.4886,5.4848,4.8570
14208,-0.1456,-0.1720,9.8165,-0.1248,-0.2490,0.5504,-12.5745,5.5068,4.8571
14216,-0.1520,-0.1646,9.8145,-0.1812,-0.2535,0.4204,-12.6602,5.5287,4.8573
14224,-0.1482,-0.1748,9.8223,-0.1390,-0.3192,0.4615,-12.7447,5.5549,4.8579
14232,-0.1475,-0.1689,9.8239,-0.1467,-0.2753,0.5247,-12.8337,5.5757,4.8528
14240,-0.1468,-0.1773,9.8272,-0.1220,-0.2947,0.4145,-12.9220,5.5983,4.8520
14248,-0.1572,-0.1717,9.8201,-0.0611,-0.3052,0.4185,-13.0100,5.6209,4.8511
14256,-0.1652,-0.1698,9.8224,-0.0136,-0.1499,0.3903,-13.0979,5.6433,4.8503
14264,-0.1629,-0.1672,9.8194,0.0693,-0.1215,0.3819,-13.1821,5.6648,4.8471
14272,-0.1544,-0.1571,9.8021,0.0071,-0.1289,0.3500,-13.2662,5.6862,4.8439
14280,-0.1481,-0.1598,9.8070,0.0357,-0.1493,0.3274,-13.3491,5.7127,4.8421
14288,-0.1478,-0.1522,9.8096,0.0390,-0.1742,0.2659,-13.4361,5.7372,4.8375
14296,-0.1531,-0.1540,9.8165,0.0769,-0.1874,0.2443,-13.5228,5.7616,4.8329
14304,-0.1451,-0.1597,9.8227,0.0624,-0.2559,0.2237,-13.6069,5.7836,4.8273
14312,-0.1533,-0.1512,9.8243,0.0806,-0.2148,0.2814,-13.6932,5.8079,4.8251
14320,-0.1576,-0.1412,9.8221,0.0633,-0.1915,0.2511,-13.7773,5.8279,4.8224
14328,-0.1642,-0.1440,9.8278,0.0921,-0.2892,0.2996,-13.8617,5.8548,4.8192
14336,-0.1574,-0.1298,9.8211,0.0556,-0.2893,0.2499,-13.9459,5.8817,4.8160
14344,-0.1599,-0.1309,9.8196,-0.0246,-0.2947,0.3410,-14.0237,5.9066,4.8143
14352,-0.1686,-0.1334,9.8110,-0.0106,-0.2866,0.1776,-14.1093,5.9300,4.8140
14360,-0.1728,-0.1347,9.8091,0.0748,-0.2175,0.1519,-14.1909,5.9538,4.8094
14368,-0.1793,-0.1395,9.8078,0.0711,-0.1807,0.2286,-14.2723,5.9775,4.8048
14376,-0.1720,-0.1416,9.8094,0.0995,-0.2122,0.0674,-14.3601,6.0011,4.8002
14384,-0.1786,-0.1371,9.8136,0.0601,-0.1517,0.0225,-14.4477,6.0247,4.7956
14392,-0.1718,-0.1408,9.8160,0.0917,-0.0858,0.0303,-14.5336,6.0501,4.7906
14400,-0.1620,-0.1386,9.8128,0.0899,-0.0628,0.0777,-14.6193,6.0753,4.7856
14408,-0.1531,-0.1554,9.8075,0.0402,-0.1288,0.1204,-14.7048,6.1005,4.7805
14416,-0.1506,-0.1605,9.8137,0.0247,-0.1119,0.2306,-14.7867,6.1252,4.7741
14424,-0.1428,-0.1597,9.8248,0.0072,-0.0131,0.2186,-14.8679,6.1469,4.7705
14432,-0.1367,-0.1685,9.8311,0.0811,-0.0093,0.2738,-14.9503,6.1694,4.7670
14440,-0.1412,-0.1664,9.8319,0.0691,-0.0269,0.2225,-15.0325,6.1934,4.7643
14448,-0.1407,-0.1687,9.8303,0.0496,-0.0225,0.2429,-15.1145,6.2172,4.7617
14456,-0.1443,-0.1698,9.8298,0.0844,0.0057,0.3024,-15.1915,6.2386,4.7624
14464,-0.1517,-0.1708,9.8352,0.0323,-0.1486,0.3432,-15.2707,6.2599,4.7631
14472,-0.1489,-0.1686,9.8242,0.0277,-0.2002,0.3076,-15.3520,6.2783,4.7615
14480,-0.1376,-0.1633,9.8292,0.0128,-0.1855,0.1803,-15.4303,6.2962,4.7593
14488,-0.1434,-0.1595,9.8288,0.0198,-0.1128,0.0851,-15.5083,6.3140,4.7571
14496,-0.1513,-0.1579,9.8348,-0.0295,-0.1073,0.0768,-15.5881,6.3341,4.7517
14504,-0.1604,-0.1600,9.8384,-0.0073,-0.1740,0.2316,-15.6648,6.3560,4.7491
14512,-0.1694,-0.1501,9.8393,-0.0261,-0.1845,0.3368,-15.7412,6.3779,4.7465
14520,-0.1608,-0.1562,9.8398,-0.0787,-0.1625,0.4322,-15.8217,6.3978,4.7467
14528,-0.1498,-0.1594,9.8397,-0.0704,-0.0855,0.4514,-15.9021,6.4176,4.7469
14536,-0.1466,-0.1619,9.8237,-0.0384,0.0015,0.3391,-15.9821,6.4374,4.7471
14544,-0.1329,-0.1655,9.8188,-0.0212,-0.0113,0.2103,-16.0596,6.4547,4.7393
14552,-0.1332,-0.1678,9.8175,-0.0874,0.0271,0.1565,-16.1369,6.4757,4.7372
14560,-0.1343,-0.1686,9.8164,-0.0973,0.0052,0.0971,-16.2149,6.4967,4.7350
14568,-0.1322,-0.1656,9.8163,0.0052,0.0562,0.1336,-16.2927,6.5176,4.7320
14576,-0.1367,-0.1652,9.8212,0.0205,0.0144,0.0859,-16.3699,6.5342,4.7341
14584,-0.1375,-0.1658,9.8215,0.0032,-0.0070,0.0562,-16.4487,6.5503,4.7277
14592,-0.1437,-0.1558,9.8236,-0.0774,0.0285,0.0705,-16.5230,6.5691,4.7251
14600,-0.1548,-0.1600,9.8210,0.0056,-0.0308,0.0708,-16.5971,6.5879,4.7225
